-- Adminer 4.8.1 MySQL 10.6.12-MariaDB-0ubuntu0.22.04.1-log dump

SET NAMES utf8;
SET time_zone = '+00:00';
SET foreign_key_checks = 0;
SET sql_mode = 'NO_AUTO_VALUE_ON_ZERO';

DROP TABLE IF EXISTS `categories`;
CREATE TABLE `categories` (
  `id` int(11) NOT NULL AUTO_INCREMENT,
  `category` varchar(200) NOT NULL,
  PRIMARY KEY (`id`)
) ENGINE=InnoDB DEFAULT CHARSET=utf8mb3 COLLATE=utf8mb3_general_ci;

INSERT INTO `categories` (`id`, `category`) VALUES
(1,	'Action'),
(2,	'Animation'),
(3,	'Bollywood'),
(4,	'Crime'),
(5,	'Family'),
(6,	'Cyberpunk'),
(7,	'Dystopian'),
(8,	'Documentary'),
(9,	'Drama'),
(10,	'Biography'),
(11,	'Experimental'),
(12,	'Fantasy'),
(13,	'Adult'),
(14,	'Film-Noir'),
(15,	'Gastronomy'),
(16,	'Gangster'),
(17,	'Kids'),
(18,	'War'),
(19,	'Horror'),
(20,	'Adventure'),
(21,	'Disaster'),
(22,	'Spy'),
(23,	'Ghost'),
(24,	'Mystery'),
(25,	'Personal Life'),
(26,	'Thriller'),
(27,	'Musical'),
(28,	'Neo-Noir'),
(29,	'Occult'),
(30,	'Political'),
(31,	'Post-Apocalyptic'),
(32,	'Psychological'),
(33,	'Road Movie'),
(34,	'Romantic'),
(35,	'Sci-Fantasy'),
(36,	'Sci-Fi'),
(37,	'Satire'),
(38,	'Superhero'),
(39,	'Steampunk'),
(40,	'Sports'),
(41,	'Dance'),
(42,	'Social'),
(43,	'Suspense'),
(44,	'Historical'),
(45,	'Survival'),
(46,	'Comedy'),
(47,	'Western'),
(48,	'Music'),
(49,	'Genre Parody');

DROP TABLE IF EXISTS `comments`;
CREATE TABLE `comments` (
  `id` int(11) NOT NULL AUTO_INCREMENT,
  `comment` text NOT NULL,
  `user_id` int(11) NOT NULL,
  `show_id` int(11) NOT NULL,
  `edited` int(11) DEFAULT NULL,
  `created_at` timestamp NOT NULL DEFAULT current_timestamp() ON UPDATE current_timestamp(),
  `updated_at` timestamp NOT NULL DEFAULT '0000-00-00 00:00:00',
  PRIMARY KEY (`id`),
  KEY `user_id` (`user_id`),
  KEY `show_id` (`show_id`),
  CONSTRAINT `comments_ibfk_3` FOREIGN KEY (`user_id`) REFERENCES `users` (`id`) ON DELETE CASCADE ON UPDATE CASCADE,
  CONSTRAINT `comments_ibfk_4` FOREIGN KEY (`show_id`) REFERENCES `shows` (`id`) ON DELETE CASCADE ON UPDATE CASCADE
) ENGINE=InnoDB DEFAULT CHARSET=utf8mb3 COLLATE=utf8mb3_general_ci;

INSERT INTO `comments` (`id`, `comment`, `user_id`, `show_id`, `edited`, `created_at`, `updated_at`) VALUES
(27,	'Mind-bending concept, but it keeps you hooked!',	17,	28,	NULL,	'2025-04-14 10:00:00',	'2025-04-14 10:00:00'),
(28,	'The ending blew my mind, still thinking about it.',	27,	28,	NULL,	'2025-04-14 10:01:00',	'2025-04-14 10:01:00'),
(29,	'Stunning visuals and a gripping story.',	30,	28,	NULL,	'2025-04-14 10:02:00',	'2025-04-14 10:02:00'),
(30,	'The Joker is absolutely iconic!',	17,	29,	NULL,	'2025-04-14 10:03:00',	'2025-04-14 10:03:00'),
(31,	'Dark, thrilling, and masterfully directed.',	27,	29,	NULL,	'2025-04-14 10:04:00',	'2025-04-14 10:04:00'),
(32,	'Best superhero movie hands down.',	30,	29,	NULL,	'2025-04-14 10:05:00',	'2025-04-14 10:05:00'),
(33,	'Emotional and scientific, just brilliant.',	17,	30,	NULL,	'2025-04-14 10:06:00',	'2025-04-14 10:06:00'),
(34,	'The ending brought tears to my eyes.',	30,	30,	NULL,	'2025-04-14 10:07:00',	'2025-04-14 10:07:00'),
(35,	'A groundbreaking film, still feels fresh.',	17,	31,	NULL,	'2025-04-14 10:08:00',	'2025-04-14 10:08:00'),
(36,	'The action scenes are unreal!',	23,	31,	NULL,	'2025-04-14 10:09:00',	'2025-04-14 10:09:00'),
(37,	'Thought-provoking and exciting.',	30,	31,	NULL,	'2025-04-14 10:10:00',	'2025-04-14 10:10:00'),
(38,	'The twist at the end changes everything!',	17,	32,	NULL,	'2025-04-14 10:11:00',	'2025-04-14 10:11:00'),
(39,	'Dark but with a powerful message.',	30,	32,	NULL,	'2025-04-14 10:12:00',	'2025-04-14 10:12:00'),
(40,	'Epic and deeply moving story.',	17,	34,	NULL,	'2025-04-14 10:13:00',	'2025-04-14 10:13:00'),
(41,	'Russell Crowe is phenomenal in this.',	27,	34,	NULL,	'2025-04-14 10:14:00',	'2025-04-14 10:14:00'),
(42,	'The battle scenes are incredible!',	30,	34,	NULL,	'2025-04-14 10:15:00',	'2025-04-14 10:15:00'),
(43,	'One of the greatest movies ever made!',	17,	35,	NULL,	'2025-04-14 10:16:00',	'2025-04-14 10:16:00'),
(44,	'Inspiring and heartfelt story.',	27,	35,	NULL,	'2025-04-14 10:17:00',	'2025-04-14 10:17:00'),
(45,	'I never get tired of watching this.',	30,	35,	NULL,	'2025-04-14 10:18:00',	'2025-04-14 10:18:00'),
(46,	'Tarantino’s dialogue is pure genius!',	17,	36,	NULL,	'2025-04-14 10:19:00',	'2025-04-14 10:19:00'),
(47,	'Chaotic but I love every second of it!',	27,	36,	NULL,	'2025-04-14 10:20:00',	'2025-04-14 10:20:00'),
(48,	'Unique and unforgettable movie.',	30,	36,	NULL,	'2025-04-14 10:21:00',	'2025-04-14 10:21:00'),
(49,	'A classic everyone should watch.',	17,	37,	NULL,	'2025-04-14 10:22:00',	'2025-04-14 10:22:00'),
(50,	'The acting is top-notch.',	27,	37,	NULL,	'2025-04-14 10:23:00',	'2025-04-14 10:23:00'),
(51,	'Perfect storytelling from start to finish.',	30,	37,	NULL,	'2025-04-14 10:24:00',	'2025-04-14 10:24:00'),
(52,	'Insanely gripping series!',	17,	38,	NULL,	'2025-04-14 10:25:00',	'2025-04-14 10:25:00'),
(53,	'Walter White’s arc is unreal.',	27,	38,	NULL,	'2025-04-14 10:26:00',	'2025-04-14 10:26:00'),
(54,	'Every episode feels like a masterpiece.',	30,	38,	NULL,	'2025-04-14 10:27:00',	'2025-04-14 10:27:00'),
(55,	'Epic battles and unforgettable characters!',	17,	39,	NULL,	'2025-04-14 10:28:00',	'2025-04-14 10:28:00'),
(56,	'The plot can be messy, but I love it.',	30,	39,	NULL,	'2025-04-14 10:29:00',	'2025-04-14 10:29:00'),
(57,	'Nostalgic and thrilling at the same time!',	17,	40,	NULL,	'2025-04-14 10:30:00',	'2025-04-14 10:30:00'),
(58,	'The kids’ acting is phenomenal.',	27,	40,	NULL,	'2025-04-14 10:31:00',	'2025-04-14 10:31:00'),
(59,	'Love the ‘80s vibe in this show!',	30,	40,	NULL,	'2025-04-14 10:32:00',	'2025-04-14 10:32:00'),
(60,	'The world-building is incredible.',	17,	41,	NULL,	'2025-04-14 10:33:00',	'2025-04-14 10:33:00'),
(61,	'Geralt’s character is so badass!',	27,	41,	NULL,	'2025-04-14 10:34:00',	'2025-04-14 10:34:00'),
(62,	'The action scenes are top-tier.',	30,	41,	NULL,	'2025-04-14 10:35:00',	'2025-04-14 10:35:00'),
(63,	'Mind-bending and thought-provoking series.',	17,	42,	NULL,	'2025-04-14 10:36:00',	'2025-04-14 10:36:00'),
(64,	'The plot can be complex, but it’s worth it.',	27,	42,	NULL,	'2025-04-14 10:37:00',	'2025-04-14 10:37:00'),
(65,	'The characters are so well-written.',	30,	42,	NULL,	'2025-04-14 10:38:00',	'2025-04-14 10:38:00'),
(66,	'Baby Yoda steals the show every time!',	17,	43,	NULL,	'2025-04-14 10:39:00',	'2025-04-14 10:39:00'),
(67,	'A must-watch for Star Wars fans.',	27,	43,	NULL,	'2025-04-14 10:40:00',	'2025-04-14 10:40:00'),
(68,	'Visually stunning and action-packed.',	30,	43,	NULL,	'2025-04-14 10:41:00',	'2025-04-14 10:41:00'),
(69,	'Each episode makes you think deeply.',	17,	44,	NULL,	'2025-04-14 10:42:00',	'2025-04-14 10:42:00'),
(70,	'Creepy but absolutely brilliant.',	27,	44,	NULL,	'2025-04-14 10:43:00',	'2025-04-14 10:43:00'),
(71,	'Explores tech’s dark side perfectly.',	30,	44,	NULL,	'2025-04-14 10:44:00',	'2025-04-14 10:44:00'),
(74,	'The twists at the end are mind-blowing!',	17,	52,	NULL,	'2025-04-14 10:47:00',	'2025-04-14 10:47:00'),
(75,	'Brilliant direction and storytelling.',	27,	52,	NULL,	'2025-04-14 10:48:00',	'2025-04-14 10:48:00'),
(76,	'Christian Bale’s performance is stellar.',	30,	52,	NULL,	'2025-04-14 10:49:00',	'2025-04-14 10:49:00'),
(81,	'A classic sitcom with humor that never gets old.',	23,	52,	1,	'2025-04-14 20:28:08',	'2025-04-14 20:28:08'),
(82,	'Király film',	23,	32,	NULL,	'2025-04-14 14:53:39',	'2025-04-14 14:53:39'),
(93,	'This movie messes with your head in the best way!',	17,	28,	NULL,	'2025-04-14 11:00:00',	'2025-04-14 11:00:00'),
(94,	'I’m still debating if it was all a dream.',	23,	28,	NULL,	'2025-04-14 11:01:00',	'2025-04-14 11:01:00'),
(95,	'The spinning top scene is iconic!',	27,	28,	NULL,	'2025-04-14 11:02:00',	'2025-04-14 11:02:00'),
(96,	'DiCaprio nails every scene.',	30,	28,	NULL,	'2025-04-14 11:03:00',	'2025-04-14 11:03:00'),
(97,	'The visuals are out of this world.',	17,	28,	NULL,	'2025-04-14 11:04:00',	'2025-04-14 11:04:00'),
(98,	'Heath Ledger’s Joker is untouchable.',	23,	29,	NULL,	'2025-04-14 11:05:00',	'2025-04-14 11:05:00'),
(99,	'The action sequences are so intense!',	17,	29,	NULL,	'2025-04-14 11:06:00',	'2025-04-14 11:06:00'),
(100,	'A superhero movie with real depth.',	27,	29,	NULL,	'2025-04-14 11:07:00',	'2025-04-14 11:07:00'),
(101,	'I could watch this a hundred times.',	30,	29,	NULL,	'2025-04-14 11:08:00',	'2025-04-14 11:08:00'),
(102,	'Bale’s Batman is gritty and perfect.',	23,	29,	NULL,	'2025-04-14 11:09:00',	'2025-04-14 11:09:00'),
(103,	'Nolan’s direction is flawless.',	17,	29,	NULL,	'2025-04-14 11:10:00',	'2025-04-14 11:10:00'),
(104,	'The science and emotion blend so well.',	17,	30,	NULL,	'2025-04-14 11:11:00',	'2025-04-14 11:11:00'),
(105,	'That ending hit me hard.',	27,	30,	NULL,	'2025-04-14 11:12:00',	'2025-04-14 11:12:00'),
(106,	'A beautiful take on space exploration.',	30,	30,	NULL,	'2025-04-14 11:13:00',	'2025-04-14 11:13:00'),
(107,	'McConaughey’s performance is stellar.',	23,	30,	NULL,	'2025-04-14 11:14:00',	'2025-04-14 11:14:00'),
(108,	'Revolutionary for its time.',	23,	31,	NULL,	'2025-04-14 11:15:00',	'2025-04-14 11:15:00'),
(109,	'The bullet-time effect is still cool.',	30,	31,	NULL,	'2025-04-14 11:16:00',	'2025-04-14 11:16:00'),
(110,	'Love the philosophical undertones.',	17,	31,	NULL,	'2025-04-14 11:17:00',	'2025-04-14 11:17:00'),
(111,	'The twist blew my mind!',	27,	32,	NULL,	'2025-04-14 11:18:00',	'2025-04-14 11:18:00'),
(112,	'Such a raw and chaotic vibe.',	17,	32,	NULL,	'2025-04-14 11:19:00',	'2025-04-14 11:19:00'),
(113,	'Brad Pitt is electric in this.',	30,	32,	NULL,	'2025-04-14 11:20:00',	'2025-04-14 11:20:00'),
(114,	'It’s more than just fighting.',	23,	32,	NULL,	'2025-04-14 11:21:00',	'2025-04-14 11:21:00'),
(115,	'Makes you question everything.',	27,	32,	NULL,	'2025-04-14 11:22:00',	'2025-04-14 11:22:00'),
(116,	'An epic tale of revenge.',	17,	34,	NULL,	'2025-04-14 11:23:00',	'2025-04-14 11:23:00'),
(117,	'Crowe’s performance is legendary.',	23,	34,	NULL,	'2025-04-14 11:24:00',	'2025-04-14 11:24:00'),
(118,	'The Colosseum scenes are insane!',	27,	34,	NULL,	'2025-04-14 11:25:00',	'2025-04-14 11:25:00'),
(119,	'I felt every emotion watching this.',	30,	34,	NULL,	'2025-04-14 11:26:00',	'2025-04-14 11:26:00'),
(120,	'A masterpiece of historical drama.',	17,	34,	NULL,	'2025-04-14 11:27:00',	'2025-04-14 11:27:00'),
(121,	'The soundtrack is unforgettable.',	23,	34,	NULL,	'2025-04-14 11:28:00',	'2025-04-14 11:28:00'),
(122,	'Maximus is such a powerful character.',	27,	34,	NULL,	'2025-04-14 11:29:00',	'2025-04-14 11:29:00'),
(123,	'Hope shines through in every scene.',	30,	35,	NULL,	'2025-04-14 11:30:00',	'2025-04-14 11:30:00'),
(124,	'Tim Robbins and Freeman are perfect.',	17,	35,	NULL,	'2025-04-14 11:31:00',	'2025-04-14 11:31:00'),
(125,	'One of the best endings ever.',	23,	35,	NULL,	'2025-04-14 11:32:00',	'2025-04-14 11:32:00'),
(126,	'A true classic that never gets old.',	27,	35,	NULL,	'2025-04-14 11:33:00',	'2025-04-14 11:33:00'),
(127,	'The dialogue is so sharp!',	17,	36,	NULL,	'2025-04-14 11:34:00',	'2025-04-14 11:34:00'),
(128,	'Tarantino’s style is unmatched.',	23,	36,	NULL,	'2025-04-14 11:35:00',	'2025-04-14 11:35:00'),
(129,	'Every scene feels like a surprise.',	27,	36,	NULL,	'2025-04-14 11:36:00',	'2025-04-14 11:36:00'),
(130,	'Travolta’s comeback was epic.',	30,	36,	NULL,	'2025-04-14 11:37:00',	'2025-04-14 11:37:00'),
(131,	'Love the nonlinear storytelling.',	17,	36,	NULL,	'2025-04-14 11:38:00',	'2025-04-14 11:38:00'),
(132,	'Samuel L. Jackson steals the show.',	23,	36,	NULL,	'2025-04-14 11:39:00',	'2025-04-14 11:39:00'),
(133,	'A timeless masterpiece.',	27,	37,	NULL,	'2025-04-14 11:40:00',	'2025-04-14 11:40:00'),
(134,	'Brando’s performance is iconic.',	30,	37,	NULL,	'2025-04-14 11:41:00',	'2025-04-14 11:41:00'),
(135,	'The family dynamics are so intense.',	17,	37,	NULL,	'2025-04-14 11:42:00',	'2025-04-14 11:42:00'),
(136,	'Walter White’s journey is insane.',	23,	38,	NULL,	'2025-04-14 11:43:00',	'2025-04-14 11:43:00'),
(137,	'Best TV show ever made.',	17,	38,	NULL,	'2025-04-14 11:44:00',	'2025-04-14 11:44:00'),
(138,	'The tension never lets up.',	27,	38,	NULL,	'2025-04-14 11:45:00',	'2025-04-14 11:45:00'),
(139,	'Jesse’s arc is heartbreaking.',	30,	38,	NULL,	'2025-04-14 11:46:00',	'2025-04-14 11:46:00'),
(140,	'Every detail is perfection.',	23,	38,	NULL,	'2025-04-14 11:47:00',	'2025-04-14 11:47:00'),
(141,	'The battles are on another level.',	17,	39,	NULL,	'2025-04-14 11:48:00',	'2025-04-14 11:48:00'),
(142,	'Too many characters to keep track of!',	27,	39,	NULL,	'2025-04-14 11:49:00',	'2025-04-14 11:49:00'),
(143,	'The dragons stole the show.',	30,	39,	NULL,	'2025-04-14 11:50:00',	'2025-04-14 11:50:00'),
(144,	'I miss the early seasons’ vibe.',	23,	39,	NULL,	'2025-04-14 11:51:00',	'2025-04-14 11:51:00'),
(145,	'The ‘80s nostalgia is so fun!',	23,	40,	NULL,	'2025-04-14 11:52:00',	'2025-04-14 11:52:00'),
(146,	'The kids make this show special.',	17,	40,	NULL,	'2025-04-14 11:53:00',	'2025-04-14 11:53:00'),
(147,	'Creepy but heartwarming.',	27,	40,	NULL,	'2025-04-14 11:54:00',	'2025-04-14 11:54:00'),
(148,	'The Upside Down is terrifying!',	30,	40,	NULL,	'2025-04-14 11:55:00',	'2025-04-14 11:55:00'),
(149,	'Eleven is such a cool character.',	17,	40,	NULL,	'2025-04-14 11:56:00',	'2025-04-14 11:56:00'),
(150,	'The soundtrack is pure gold.',	23,	40,	NULL,	'2025-04-14 11:57:00',	'2025-04-14 11:57:00'),
(151,	'Geralt is such a badass!',	30,	41,	NULL,	'2025-04-14 11:58:00',	'2025-04-14 11:58:00'),
(152,	'The monster fights are epic.',	17,	41,	NULL,	'2025-04-14 11:59:00',	'2025-04-14 11:59:00'),
(153,	'Love the gritty fantasy world.',	27,	41,	NULL,	'2025-04-14 12:00:00',	'2025-04-14 12:00:00'),
(154,	'Keeps you guessing every episode.',	23,	42,	NULL,	'2025-04-14 12:01:00',	'2025-04-14 12:01:00'),
(155,	'The AI theme is so intriguing.',	17,	42,	NULL,	'2025-04-14 12:02:00',	'2025-04-14 12:02:00'),
(156,	'Mind-blowing twists throughout.',	30,	42,	NULL,	'2025-04-14 12:03:00',	'2025-04-14 12:03:00'),
(157,	'The production value is insane.',	27,	42,	NULL,	'2025-04-14 12:04:00',	'2025-04-14 12:04:00'),
(158,	'Baby Yoda is too adorable!',	17,	43,	NULL,	'2025-04-14 12:05:00',	'2025-04-14 12:05:00'),
(159,	'Perfect for Star Wars fans.',	23,	43,	NULL,	'2025-04-14 12:06:00',	'2025-04-14 12:06:00'),
(160,	'The action never disappoints.',	27,	43,	NULL,	'2025-04-14 12:07:00',	'2025-04-14 12:07:00'),
(161,	'Love the Western vibe.',	30,	43,	NULL,	'2025-04-14 12:08:00',	'2025-04-14 12:08:00'),
(162,	'Mando’s armor is so cool.',	17,	43,	NULL,	'2025-04-14 12:09:00',	'2025-04-14 12:09:00'),
(163,	'Each episode is a wild ride.',	27,	44,	NULL,	'2025-04-14 12:10:00',	'2025-04-14 12:10:00'),
(164,	'Tech horror done right.',	30,	44,	NULL,	'2025-04-14 12:11:00',	'2025-04-14 12:11:00'),
(165,	'Makes you rethink technology.',	17,	44,	NULL,	'2025-04-14 12:12:00',	'2025-04-14 12:12:00'),
(172,	'The final twist is unreal!',	17,	52,	NULL,	'2025-04-14 12:19:00',	'2025-04-14 12:19:00'),
(173,	'Nolan’s storytelling is genius.',	27,	52,	NULL,	'2025-04-14 12:20:00',	'2025-04-14 12:20:00'),
(174,	'Bale and Jackman are phenomenal.',	30,	52,	NULL,	'2025-04-14 12:21:00',	'2025-04-14 12:21:00'),
(175,	'Keeps you on edge the whole time.',	23,	52,	1,	'2025-04-14 20:28:12',	'2025-04-14 20:28:12'),
(185,	'Teszt komment szerkezstve',	23,	37,	1,	'2025-04-15 06:06:17',	'2025-04-15 06:06:17'),
(187,	'adsadsa',	23,	44,	1,	'2025-04-15 19:46:33',	'2025-04-15 19:46:33');

DROP TABLE IF EXISTS `personal_access_tokens`;
CREATE TABLE `personal_access_tokens` (
  `id` int(11) NOT NULL AUTO_INCREMENT,
  `name` varchar(100) NOT NULL,
  `token` varchar(20000) NOT NULL,
  `abilities` varchar(200) NOT NULL,
  `expires_at` timestamp NOT NULL DEFAULT current_timestamp() ON UPDATE current_timestamp(),
  `tokenable_id` int(11) NOT NULL,
  `tokenable_type` varchar(200) NOT NULL,
  `updated_at` timestamp NOT NULL DEFAULT '0000-00-00 00:00:00',
  `created_at` timestamp NOT NULL DEFAULT '0000-00-00 00:00:00',
  PRIMARY KEY (`id`)
) ENGINE=InnoDB DEFAULT CHARSET=utf8mb3 COLLATE=utf8mb3_general_ci;

INSERT INTO `personal_access_tokens` (`id`, `name`, `token`, `abilities`, `expires_at`, `tokenable_id`, `tokenable_type`, `updated_at`, `created_at`) VALUES
(41,	'test-token',	'537342ef279bd3b654423e257b99343503df505adf551ab98352de93a722a43f',	'[\"*\"]',	'2025-01-29 15:51:35',	6,	'App\\Models\\User',	'2025-01-29 15:51:35',	'2025-01-29 15:51:35'),
(46,	'test-token',	'44aee7d0472685c821648873916e7c9dbb0ed08a7acbbb1eb14c69fc12f7ad66',	'[\"*\"]',	'2025-01-30 10:47:09',	4,	'App\\Models\\User',	'2025-01-30 10:47:09',	'2025-01-30 10:47:09'),
(47,	'test-token',	'f5580b4208034ff4d683fdfcbfdae87a41e35f53142ccfbb8b342e999a2db7c4',	'[\"*\"]',	'2025-01-30 11:32:20',	4,	'App\\Models\\User',	'2025-01-30 11:32:20',	'2025-01-30 11:32:20'),
(48,	'auth-token',	'66ac883c216c271d14dbf742999c7719018f9f65c7e671ef606a2c1ecb6f6b0d',	'[\"*\"]',	'2025-01-30 12:00:11',	4,	'App\\Models\\User',	'2025-01-30 12:00:11',	'2025-01-30 12:00:11'),
(49,	'auth-token',	'91a12f88572078bae96f07ce386d92fcfb4fb5a5abea812d24b0896e38485687',	'[\"*\"]',	'2025-01-30 21:56:00',	4,	'App\\Models\\User',	'2025-01-30 21:56:00',	'2025-01-30 21:56:00'),
(50,	'auth-token',	'71f46cddbbc761d450da339eebd314373b33a36684565f553ee86621c343c3a4',	'[\"*\"]',	'2025-01-30 21:56:14',	4,	'App\\Models\\User',	'2025-01-30 21:56:14',	'2025-01-30 21:56:14'),
(51,	'auth-token',	'91a36d880cecb95797baf5d4bd073e0832323cd6b0647dfa932c036d63b2a400',	'[\"*\"]',	'2025-01-30 21:56:15',	4,	'App\\Models\\User',	'2025-01-30 21:56:15',	'2025-01-30 21:56:15'),
(52,	'auth-token',	'10614eba293050f589b461c4b470884d69ff507e5e0f2c9bcb937677110cec5f',	'[\"*\"]',	'2025-01-30 21:56:16',	4,	'App\\Models\\User',	'2025-01-30 21:56:16',	'2025-01-30 21:56:16'),
(53,	'auth-token',	'617f722a93325d72ccee4e5f0b011df4b7690fa06fc13c7259b43892ee8083a6',	'[\"*\"]',	'2025-01-30 21:56:17',	4,	'App\\Models\\User',	'2025-01-30 21:56:17',	'2025-01-30 21:56:17'),
(54,	'auth-token',	'913db92d95ae2068dccf53c602171e233d8f24b6f5fcd3e4466f4c3be785d14c',	'[\"*\"]',	'2025-01-30 21:56:18',	4,	'App\\Models\\User',	'2025-01-30 21:56:18',	'2025-01-30 21:56:18'),
(55,	'auth_token',	'329add85a83fb905de1a9feb8112e2b3f0afa13bcb9a77fe749e92f927dc540f',	'[\"*\"]',	'2025-02-14 14:08:26',	20,	'App\\Models\\User',	'2025-02-14 14:08:26',	'2025-02-14 14:08:26'),
(56,	'auth_token',	'4ee30b2d9aded20cf068ce165151b78a9c029bfb93ae0643cbfef06c456e8977',	'[\"*\"]',	'2025-02-14 14:09:21',	21,	'App\\Models\\User',	'2025-02-14 14:09:21',	'2025-02-14 14:09:21'),
(57,	'auth_token',	'a9024813c4d0d5f29026269fbaa965a77df89bc103beb9aeee706201729fdeca',	'[\"*\"]',	'2025-02-14 14:37:22',	20,	'App\\Models\\User',	'2025-02-14 14:37:22',	'2025-02-14 14:37:22'),
(58,	'auth_token',	'64aa4bed8fa594f41c6392b6d1a29f0aa6549e934a591ccab1877848a832b0dc',	'[\"*\"]',	'2025-02-17 11:48:41',	21,	'App\\Models\\User',	'2025-02-17 11:48:41',	'2025-02-17 11:48:41'),
(59,	'auth_token',	'f054c49a120f096e0d4fcb3e06e12c02870137d8769e3618ab49d4a6a6f3d327',	'[\"*\"]',	'2025-02-17 12:15:28',	20,	'App\\Models\\User',	'2025-02-17 12:15:28',	'2025-02-17 12:15:28'),
(60,	'auth_token',	'948fc59f17bbf4c7d4a9eb04904349b2d189826971795278515a46dc9203371f',	'[\"*\"]',	'2025-02-17 12:18:44',	20,	'App\\Models\\User',	'2025-02-17 12:18:44',	'2025-02-17 12:18:44'),
(61,	'auth_token',	'55a0dd900ccaf5b853953b64fe56ef23f997cded8fd1d82a47ee2cff84ea7736',	'[\"*\"]',	'2025-02-17 12:19:17',	20,	'App\\Models\\User',	'2025-02-17 12:19:17',	'2025-02-17 12:19:17'),
(62,	'auth_token',	'5336aafe201fee4b5955986dceeab319deae04e26a5fd4e2b390d36d6bdd82a3',	'[\"*\"]',	'2025-02-17 12:25:44',	20,	'App\\Models\\User',	'2025-02-17 12:25:44',	'2025-02-17 12:25:44'),
(63,	'auth_token',	'a4808ee6d26349a29125c23df49eca1eee5228f43fa7eef3fe54d273fec0834c',	'[\"*\"]',	'2025-02-19 07:57:54',	22,	'App\\Models\\User',	'2025-02-19 07:57:54',	'2025-02-19 07:57:54'),
(64,	'auth_token',	'd152b01c8ca33bfaf8cc8e4231ea10996ee357f1268575ae923db60c1a1ea299',	'[\"*\"]',	'2025-02-19 09:47:33',	22,	'App\\Models\\User',	'2025-02-19 09:47:33',	'2025-02-19 09:47:33'),
(65,	'auth_token',	'a734304072b5654a123e3d54056a215577ffd80bfc7c101b1c73ef7e8941fa7b',	'[\"*\"]',	'2025-02-19 09:51:01',	22,	'App\\Models\\User',	'2025-02-19 09:51:01',	'2025-02-19 09:51:01'),
(66,	'auth_token',	'2841ec11988fb79e509f17f3d5080133ed59788bba54ebca7346666de370f78a',	'[\"*\"]',	'2025-02-19 10:20:19',	22,	'App\\Models\\User',	'2025-02-19 10:20:19',	'2025-02-19 10:20:19'),
(67,	'auth_token',	'ce838fa15950dad67fb9f9b5d1d665af67263bcfb7a60a33b3af0d5f1af9a5bf',	'[\"*\"]',	'2025-02-19 10:23:59',	22,	'App\\Models\\User',	'2025-02-19 10:23:59',	'2025-02-19 10:23:59'),
(68,	'auth_token',	'7ce3716b854402e4f86c0a4c939c1415dba72d8995bd30f697410c8ff5220130',	'[\"*\"]',	'2025-02-19 10:24:17',	22,	'App\\Models\\User',	'2025-02-19 10:24:17',	'2025-02-19 10:24:17'),
(69,	'auth_token',	'c217dde5f4dcf452f5141556ac051513f4f17ac795ff02802138d37ec5c205a4',	'[\"*\"]',	'2025-02-19 13:38:18',	22,	'App\\Models\\User',	'2025-02-19 13:38:18',	'2025-02-19 13:38:18'),
(70,	'auth_token',	'2970cb41f033b9d6080c669349f651245cfa1f5298990ffdc58648d138c55e01',	'[\"*\"]',	'2025-02-19 15:02:08',	22,	'App\\Models\\User',	'2025-02-19 15:02:08',	'2025-02-19 15:02:08'),
(71,	'auth_token',	'd0b94778786bae66e6fbf27696a521b06c214a830b5d1be2d44699ccc58ba934',	'[\"*\"]',	'2025-02-19 15:02:58',	22,	'App\\Models\\User',	'2025-02-19 15:02:58',	'2025-02-19 15:02:58'),
(72,	'auth_token',	'3540680edad2169e1279c521be073adbb8004e52ef2aba9427951e5deb1e4eb1',	'[\"*\"]',	'2025-02-20 14:42:03',	22,	'App\\Models\\User',	'2025-02-20 14:42:03',	'2025-02-20 14:42:03'),
(73,	'auth_token',	'14f7fb8ec0c997e8f6fbd2c12d64fac2c797d641374ba6d26c6cee9759430320',	'[\"*\"]',	'2025-02-20 14:45:49',	22,	'App\\Models\\User',	'2025-02-20 14:45:49',	'2025-02-20 14:45:49'),
(74,	'auth_token',	'7b625509ab80925a637c8fdedec499cba94e61101a331b9ac1a6d3534c0c7122',	'[\"*\"]',	'2025-02-20 14:55:59',	22,	'App\\Models\\User',	'2025-02-20 14:55:59',	'2025-02-20 14:55:59'),
(75,	'token',	'21d2465b563158fc916d7b3c9992014eb1402982811612795f02186271606232',	'[\"*\"]',	'2025-02-20 15:07:18',	22,	'App\\Models\\User',	'2025-02-20 15:07:18',	'2025-02-20 15:07:18'),
(76,	'token',	'1bde1c401ab9e2a84c3cd28fbe83629503b3a4289c9f6c7d7fa37770c8ebe37e',	'[\"*\"]',	'2025-02-20 15:07:35',	22,	'App\\Models\\User',	'2025-02-20 15:07:35',	'2025-02-20 15:07:35'),
(77,	'token',	'59d0947e5d4a2433c398decfad54ab3fc19efee97bf87ca9efc91c74db7f7422',	'[\"*\"]',	'2025-02-20 15:13:16',	22,	'App\\Models\\User',	'2025-02-20 15:13:16',	'2025-02-20 15:13:16'),
(78,	'token',	'516cc5b41c10bdbe574c13bef1dbb5533db8113bab829f513fece8c0d3388850',	'[\"*\"]',	'2025-02-20 15:13:41',	22,	'App\\Models\\User',	'2025-02-20 15:13:41',	'2025-02-20 15:13:41'),
(79,	'token',	'1715fc0bb42eff95c8c356f716c90d936304a982e50ee59f77084aa393966c52',	'[\"*\"]',	'2025-02-20 15:15:38',	22,	'App\\Models\\User',	'2025-02-20 15:15:38',	'2025-02-20 15:15:38'),
(80,	'token',	'404ed19ec24634794d68f4d36f5f9de2c7ad2fdbbf87f2df66a01e65dd133a53',	'[\"*\"]',	'2025-02-20 15:18:47',	22,	'App\\Models\\User',	'2025-02-20 15:18:47',	'2025-02-20 15:18:47'),
(81,	'token',	'9be9c1b5afa7c75d34f35277f94c4c8ea672a7891f4308745e61bb064c87017e',	'[\"*\"]',	'2025-02-20 15:19:05',	22,	'App\\Models\\User',	'2025-02-20 15:19:05',	'2025-02-20 15:19:05'),
(82,	'token',	'ee712aa7a60c2c75fe34bca68cb15505e512d406f4d41c9ff17a76ec9e55f24c',	'[\"*\"]',	'2025-02-20 15:19:14',	22,	'App\\Models\\User',	'2025-02-20 15:19:14',	'2025-02-20 15:19:14'),
(83,	'token',	'b4f3800d0905520d80fb762771025e771859f1493d4556732ffbcd63477d4aac',	'[\"*\"]',	'2025-02-20 15:22:16',	22,	'App\\Models\\User',	'2025-02-20 15:22:16',	'2025-02-20 15:22:16'),
(84,	'token',	'e6fbf0c6e964ce949e7d2cf0034a2414206a83ebcfb3c30fcd11a7eb178104f4',	'[\"*\"]',	'2025-02-20 15:30:29',	22,	'App\\Models\\User',	'2025-02-20 15:30:29',	'2025-02-20 15:30:29'),
(85,	'auth_token',	'a4bb70f24066cb87b472526c0cfac562c09a7e8e30530b09d48761154b8ecf76',	'[\"*\"]',	'2025-02-20 15:42:26',	22,	'App\\Models\\User',	'2025-02-20 15:42:26',	'2025-02-20 15:42:26'),
(86,	'auth_token',	'57df288a80277561aa33eb2aaeff3260964c48d7a395c4f9b21f411ccb5d6f3a',	'[\"*\"]',	'2025-02-20 16:01:56',	22,	'App\\Models\\User',	'2025-02-20 16:01:56',	'2025-02-20 16:01:56'),
(87,	'auth_token',	'32b64875a55dbac0691125c9b72dc1949b417e2a95474879a0e55fc877f2fc6e',	'[\"*\"]',	'2025-02-20 16:06:02',	22,	'App\\Models\\User',	'2025-02-20 16:06:02',	'2025-02-20 16:06:02'),
(88,	'auth_token',	'fccfdfec32c4425df0f2559a358e60a4febaf458d1e66eb5c00c443a44b17f96',	'[\"*\"]',	'2025-02-20 16:10:16',	22,	'App\\Models\\User',	'2025-02-20 16:10:16',	'2025-02-20 16:10:16'),
(89,	'auth_token',	'5cff7ef45e3c2274362a48acbcace21a4a2ba424f673dd87b8f5b47f92fe34b3',	'[\"*\"]',	'2025-02-20 16:12:33',	22,	'App\\Models\\User',	'2025-02-20 16:12:33',	'2025-02-20 16:12:33'),
(90,	'auth_token',	'aa17850726d98f519ac82672ed2a28fe55ff1ddc86960af9f9707de7b08c8310',	'[\"*\"]',	'2025-02-20 16:15:23',	22,	'App\\Models\\User',	'2025-02-20 16:15:23',	'2025-02-20 16:15:23'),
(91,	'auth_token',	'423198a975df58aa0bc50d0ab6d3a8b9501e16e5d8956dd914e42a051e22c2cc',	'[\"*\"]',	'2025-02-20 16:16:32',	22,	'App\\Models\\User',	'2025-02-20 16:16:32',	'2025-02-20 16:16:32'),
(92,	'auth_token',	'f835f3e968008c565f0d7f523bed3471b9fd948a896c569c5c0701478d69fd5c',	'[\"*\"]',	'2025-02-20 16:19:56',	22,	'App\\Models\\User',	'2025-02-20 16:19:56',	'2025-02-20 16:19:56'),
(93,	'auth_token',	'64d921cca499ee13321317261610f35bcda6e6555fb8ed9f15d11c7d2aafda79',	'[\"*\"]',	'2025-02-20 16:27:46',	22,	'App\\Models\\User',	'2025-02-20 16:27:46',	'2025-02-20 16:27:46'),
(94,	'auth_token',	'0c691a2445f91e9c0ed7ce0845adc12dbdc4f2923cfca1f6ee5ef48ff33a637e',	'[\"*\"]',	'2025-02-20 16:29:58',	22,	'App\\Models\\User',	'2025-02-20 16:29:58',	'2025-02-20 16:29:58'),
(95,	'auth_token',	'd9bc1feb28f66c0a7c4c7fc0a656890b72ffbef3082cd9ffbe3807ac32eeab00',	'[\"*\"]',	'2025-02-20 16:30:28',	22,	'App\\Models\\User',	'2025-02-20 16:30:28',	'2025-02-20 16:30:28'),
(96,	'auth_token',	'4561b200e6761adff0da317f1ff30cc280ccb85145b1c197da91a7d0867a97dd',	'[\"*\"]',	'2025-02-20 16:30:34',	22,	'App\\Models\\User',	'2025-02-20 16:30:34',	'2025-02-20 16:30:34'),
(97,	'auth_token',	'c2e9933a52f68ed32498b96da7fa2f4c6d5f0946bd91bdb60cb0650a85144236',	'[\"*\"]',	'2025-02-20 16:30:53',	22,	'App\\Models\\User',	'2025-02-20 16:30:53',	'2025-02-20 16:30:53'),
(98,	'auth_token',	'8ad3fa280fdf6b71f79212e910e24bb42622b8ee71b588dff1fdf3c33332e4ec',	'[\"*\"]',	'2025-02-20 16:31:30',	22,	'App\\Models\\User',	'2025-02-20 16:31:30',	'2025-02-20 16:31:30'),
(99,	'auth_token',	'42257b935c3cdce0e504188f6093811d3f1016174c6bfb6863d5eb596f32d579',	'[\"*\"]',	'2025-02-20 16:31:46',	22,	'App\\Models\\User',	'2025-02-20 16:31:46',	'2025-02-20 16:31:46'),
(100,	'auth_token',	'f5d296a7580770c15dda5b234ce7a97f98dbbae89305c47fd6b9c97088c4ec1b',	'[\"*\"]',	'2025-02-20 16:31:51',	22,	'App\\Models\\User',	'2025-02-20 16:31:51',	'2025-02-20 16:31:51'),
(101,	'auth_token',	'413d20ca4825aa8d901bd42330696466069287b29921b953293a51f7e4071402',	'[\"*\"]',	'2025-02-20 16:38:23',	22,	'App\\Models\\User',	'2025-02-20 16:38:23',	'2025-02-20 16:38:23'),
(102,	'auth_token',	'177e3c22c45e961e5d28fa6a9dd4c395bcba817dfbe7bf9de4b8b8d9fdcfda83',	'[\"*\"]',	'2025-02-20 17:09:20',	22,	'App\\Models\\User',	'2025-02-20 17:09:20',	'2025-02-20 17:09:20'),
(103,	'auth_token',	'87ae19ed6225847bec0a2d191c0f987cff857258eb0e0b4fb690dd8d2a459e33',	'[\"*\"]',	'2025-02-20 17:14:51',	22,	'App\\Models\\User',	'2025-02-20 17:14:51',	'2025-02-20 17:14:51'),
(104,	'token',	'2e72c716401e57930978279f0fbb9ea55aef5580f518f7169f502644cb7a71dc',	'[\"*\"]',	'2025-02-20 17:16:18',	22,	'App\\Models\\User',	'2025-02-20 17:16:18',	'2025-02-20 17:16:18'),
(105,	'token',	'32c5657f4acdb9bd407caafd94306d10f922fd357591c8dad64eb76814678d92',	'[\"*\"]',	'2025-02-21 07:15:47',	22,	'App\\Models\\User',	'2025-02-21 07:15:47',	'2025-02-21 07:15:47'),
(106,	'token',	'90af072c0de45f38728987b0559472b10bb4cfe348263cd04cd8c5e17f273917',	'[\"*\"]',	'2025-02-24 06:53:34',	22,	'App\\Models\\User',	'2025-02-24 06:53:34',	'2025-02-24 06:53:34'),
(107,	'token',	'3f15560584006c17c4278ad7da8871280f600c6e203863979c277c49b9eaf723',	'[\"*\"]',	'2025-02-24 06:55:01',	22,	'App\\Models\\User',	'2025-02-24 06:55:01',	'2025-02-24 06:55:01'),
(108,	'token',	'577cc8c4fa706df54fc5cd68f2d6250848014f149052c6e9e0c3a23683f9a72d',	'[\"*\"]',	'2025-02-24 07:01:21',	22,	'App\\Models\\User',	'2025-02-24 07:01:21',	'2025-02-24 07:01:21'),
(109,	'token',	'bad0b5661c50914298a646c6634863e5784438ec7521e440fd27d5a112f1dd14',	'[\"*\"]',	'2025-02-24 08:13:18',	22,	'App\\Models\\User',	'2025-02-24 08:13:18',	'2025-02-24 08:13:18'),
(110,	'token',	'dec4039c897fd23a82fee39d4d1decb89eadf22b9d60a3ec9764fc95fd22aadf',	'[\"*\"]',	'2025-02-24 15:41:15',	22,	'App\\Models\\User',	'2025-02-24 15:41:15',	'2025-02-24 15:41:15'),
(111,	'token',	'40702b93203684b5416e0c16b280f830e429138a7181d37f70f261b2a17a80c9',	'[\"*\"]',	'2025-02-24 16:38:40',	22,	'App\\Models\\User',	'2025-02-24 16:38:40',	'2025-02-24 16:38:40'),
(112,	'token',	'd5744baacb0a4085b46bbad81edef494d351366330dd90e6f3b69026013c8c3e',	'[\"*\"]',	'2025-02-24 16:38:47',	22,	'App\\Models\\User',	'2025-02-24 16:38:47',	'2025-02-24 16:38:47'),
(113,	'token',	'84e1c8e3e41b8af5eafacec20b4c57863320ddcf42a59cad0157d589f9107725',	'[\"*\"]',	'2025-02-24 16:45:32',	22,	'App\\Models\\User',	'2025-02-24 16:45:32',	'2025-02-24 16:45:32'),
(114,	'token',	'8b08e74ae0965bf5e7d7cb02e459f863279f722dcfbb6f133c5ab52a1f582a45',	'[\"*\"]',	'2025-02-24 16:53:40',	22,	'App\\Models\\User',	'2025-02-24 16:53:40',	'2025-02-24 16:53:40'),
(115,	'token',	'00db94504eca2d460cecb0e842dd4ec302e1510da69bb377be6dd400e8c04995',	'[\"*\"]',	'2025-02-24 16:54:33',	22,	'App\\Models\\User',	'2025-02-24 16:54:33',	'2025-02-24 16:54:33'),
(116,	'token',	'b93dbc15fb2eef522a327085d610965fa767efd4891bc90877b1367671c1d24d',	'[\"*\"]',	'2025-02-24 16:55:39',	22,	'App\\Models\\User',	'2025-02-24 16:55:39',	'2025-02-24 16:55:39'),
(117,	'token',	'c58075b945b3bb805e427921f3315c70eb0d8946974442d403ec3289d3af5921',	'[\"*\"]',	'2025-02-24 16:55:51',	22,	'App\\Models\\User',	'2025-02-24 16:55:51',	'2025-02-24 16:55:51'),
(118,	'token',	'6a42ac0e597b337a0b5f6d4559405ec8cbc1da55a3bd584d184e82ab9dc8b1ff',	'[\"*\"]',	'2025-02-24 16:58:52',	22,	'App\\Models\\User',	'2025-02-24 16:58:52',	'2025-02-24 16:58:52'),
(119,	'token',	'73d6c6ab10c328eaa4d4c30d596ec70c426eee640ca35f37a3ef3e1ed70c4639',	'[\"*\"]',	'2025-02-26 10:52:35',	22,	'App\\Models\\User',	'2025-02-26 10:52:35',	'2025-02-26 10:52:35'),
(120,	'token',	'd0cd3ae4764d34248787703ae0e270194b53cc72397ad22ead6c14a4234c6d7f',	'[\"*\"]',	'2025-02-26 10:54:35',	22,	'App\\Models\\User',	'2025-02-26 10:54:35',	'2025-02-26 10:54:35'),
(121,	'token',	'535f906da5c92a9f6e2caf80946fd3e5291870eecf18c72ec91ee881e9d296a3',	'[\"*\"]',	'2025-02-26 11:04:19',	22,	'App\\Models\\User',	'2025-02-26 11:04:19',	'2025-02-26 11:04:19'),
(122,	'token',	'9a68e1dc4c1f61e771839cd1bf1a3f278b545d574e4e78bacba248c583615c60',	'[\"*\"]',	'2025-02-26 11:10:13',	22,	'App\\Models\\User',	'2025-02-26 11:10:13',	'2025-02-26 11:10:13'),
(123,	'token',	'b374aef59765ee7f21b060f37fa94529721876a874974880bb95a836a6b182b3',	'[\"*\"]',	'2025-02-26 11:10:49',	22,	'App\\Models\\User',	'2025-02-26 11:10:49',	'2025-02-26 11:10:49'),
(124,	'token',	'e306ce7722127be9fdd7c59a0d20df055b275c9f692d72bc46ab6c34818a0299',	'[\"*\"]',	'2025-02-26 11:19:16',	22,	'App\\Models\\User',	'2025-02-26 11:19:16',	'2025-02-26 11:19:16'),
(125,	'token',	'f3dc85101c0f6e89b3b4112a6d6d357c599cc08c94a1fd84d77dfcbbe6c6b46c',	'[\"*\"]',	'2025-02-26 11:22:00',	22,	'App\\Models\\User',	'2025-02-26 11:22:00',	'2025-02-26 11:22:00'),
(126,	'token',	'6ab2376e091cf837919a68a1214df50bdc2f704e87331fd8032bd5a1902c5f6e',	'[\"*\"]',	'2025-02-26 11:23:27',	22,	'App\\Models\\User',	'2025-02-26 11:23:27',	'2025-02-26 11:23:27'),
(127,	'token',	'0eb1c11ea31b0daacd2024611c0e0b7fabe1d19cd61bd9d19785113ea33de60a',	'[\"*\"]',	'2025-02-26 11:37:48',	22,	'App\\Models\\User',	'2025-02-26 11:37:48',	'2025-02-26 11:37:48'),
(128,	'token',	'e7c35de74f0fa02ada76bd3d09c7fa80015a1850af3e9d5d9940f13bd43dbb47',	'[\"*\"]',	'2025-02-26 11:38:03',	22,	'App\\Models\\User',	'2025-02-26 11:38:03',	'2025-02-26 11:38:03'),
(129,	'token',	'3fb1770f38bf2287d79447c9068749aa91cc09ab23874fe621d7aaf642bafd6e',	'[\"*\"]',	'2025-02-26 11:55:36',	22,	'App\\Models\\User',	'2025-02-26 11:55:36',	'2025-02-26 11:55:36'),
(130,	'token',	'0ad73f97db95a22811cfbaf7e7511f5d85248446d9b88afdbe009971b06cf513',	'[\"*\"]',	'2025-02-26 11:56:34',	22,	'App\\Models\\User',	'2025-02-26 11:56:34',	'2025-02-26 11:56:34'),
(131,	'token',	'6623ced3ee7fb4db277059b57cce571417c272ec03a7f6f402ea3c2b44bf2ebb',	'[\"*\"]',	'2025-02-26 11:56:59',	22,	'App\\Models\\User',	'2025-02-26 11:56:59',	'2025-02-26 11:56:59'),
(132,	'token',	'1f1a525c88bea5f2c41431ae0395ae77d9bd280c1413e63e56cc3f68fbe0fbab',	'[\"*\"]',	'2025-02-26 12:03:17',	22,	'App\\Models\\User',	'2025-02-26 12:03:17',	'2025-02-26 12:03:17'),
(133,	'token',	'704761b847d0b5f00179213687e001e3754ce3c287bb7dc586520186607b5d99',	'[\"*\"]',	'2025-02-26 12:08:00',	22,	'App\\Models\\User',	'2025-02-26 12:08:00',	'2025-02-26 12:08:00'),
(134,	'token',	'22eb7b0de2ef68568868cf29cb38dcf21fcfc593424c1f0b51d8d00c2a746cdf',	'[\"*\"]',	'2025-02-26 12:10:25',	22,	'App\\Models\\User',	'2025-02-26 12:10:25',	'2025-02-26 12:10:25'),
(135,	'token',	'3930c8eef8167191403fab86df9990bfd9f1e95e56515fbecebdfaf35de344a7',	'[\"*\"]',	'2025-02-26 12:40:10',	22,	'App\\Models\\User',	'2025-02-26 12:40:10',	'2025-02-26 12:40:10'),
(136,	'token',	'41a697202ca5831e900aec1c362a446c58ca68a05e3e99d0f038abbbb38bb798',	'[\"*\"]',	'2025-02-26 12:51:38',	22,	'App\\Models\\User',	'2025-02-26 12:51:38',	'2025-02-26 12:51:38'),
(137,	'token',	'8ff93fd5c7668e41326d7d5faa80aa345b5b6d4ed8c3f2aa50c318ff7a926905',	'[\"*\"]',	'2025-02-26 12:55:47',	22,	'App\\Models\\User',	'2025-02-26 12:55:47',	'2025-02-26 12:55:47'),
(138,	'token',	'9e70d0187f9eaeb9cfdbe68bbd7e1122d008ca722659ae9f9c99f7092cfd61a3',	'[\"*\"]',	'2025-02-26 12:56:00',	22,	'App\\Models\\User',	'2025-02-26 12:56:00',	'2025-02-26 12:56:00'),
(139,	'token',	'45b18f447dd9fa27d590680dbfa1b48103210d3a9aadfbec8b14a62000600daa',	'[\"*\"]',	'2025-02-26 12:56:34',	22,	'App\\Models\\User',	'2025-02-26 12:56:34',	'2025-02-26 12:56:34'),
(140,	'token',	'd1196b18b42514f7c7ea5f99017364844fdad8d408c7072670eb35861a405f12',	'[\"*\"]',	'2025-02-26 12:56:51',	22,	'App\\Models\\User',	'2025-02-26 12:56:51',	'2025-02-26 12:56:51'),
(141,	'token',	'32857c44944edbc7b7b72559174f07be86a1a01e40e0a76a3c6a7b2d8e1576cf',	'[\"*\"]',	'2025-02-26 12:57:04',	22,	'App\\Models\\User',	'2025-02-26 12:57:04',	'2025-02-26 12:57:04'),
(142,	'token',	'f08da9125730b26ce4617887bd9378c88951eb686d5e5e31fdc2f12a302dbb77',	'[\"*\"]',	'2025-02-26 12:57:40',	22,	'App\\Models\\User',	'2025-02-26 12:57:40',	'2025-02-26 12:57:40'),
(143,	'token',	'031fac4bbbf5f23c90b330ccf2bc42dd9c843ac7e911044f0ce9bcb58c71c4b4',	'[\"*\"]',	'2025-02-26 12:57:54',	22,	'App\\Models\\User',	'2025-02-26 12:57:54',	'2025-02-26 12:57:54'),
(144,	'token',	'28835906a1a1ec864755414402d69a2b2aadad7ac657334e2e35a98004bcaec8',	'[\"*\"]',	'2025-02-26 12:58:33',	22,	'App\\Models\\User',	'2025-02-26 12:58:33',	'2025-02-26 12:58:33'),
(145,	'token',	'1ebb95d7356c9148e929302c9ce2d0c1c16caca2336334a44a1bf0fe1c004769',	'[\"*\"]',	'2025-02-26 12:58:38',	22,	'App\\Models\\User',	'2025-02-26 12:58:38',	'2025-02-26 12:58:38'),
(146,	'token',	'75d08849aa9ec35aa09b87283aa848dd41deed9e278618f8bae57595fd5001fb',	'[\"*\"]',	'2025-02-26 18:34:27',	22,	'App\\Models\\User',	'2025-02-26 18:34:27',	'2025-02-26 18:34:27'),
(147,	'token',	'0dc1634856d6ba441533b7e3531ef3167c31bfc681f1c3a48e6991e8b85229bc',	'[\"*\"]',	'2025-02-26 18:35:59',	22,	'App\\Models\\User',	'2025-02-26 18:35:59',	'2025-02-26 18:35:59'),
(148,	'token',	'8d0ff86e3d3e06b3cbc21c50470d9f27d3efa9c48c846c968e4c29926bf84902',	'[\"*\"]',	'2025-02-26 19:08:07',	23,	'App\\Models\\User',	'2025-02-26 19:08:07',	'2025-02-26 19:08:07'),
(149,	'token',	'c3e9706165cb2dfbf0a107ce32905aa7bbdd847fd7e19c2152cffb8ab3fa3966',	'[\"*\"]',	'2025-02-26 19:16:35',	22,	'App\\Models\\User',	'2025-02-26 19:16:35',	'2025-02-26 19:16:35'),
(150,	'token',	'905a5f16233c7fb73ce8d25fb02cc9656d4d857690ede7214ccf36cf714cbf87',	'[\"*\"]',	'2025-02-26 19:17:15',	22,	'App\\Models\\User',	'2025-02-26 19:17:15',	'2025-02-26 19:17:15'),
(151,	'token',	'f6c592e01dd82b1107b7bbdbbc0a73863498e98e55382cd71243e31cdf012c69',	'[\"*\"]',	'2025-02-26 19:21:12',	22,	'App\\Models\\User',	'2025-02-26 19:21:12',	'2025-02-26 19:21:12'),
(152,	'token',	'6a005895cb060684e16235880c90c6d16135576e2affc4febf3bbb800def6e0e',	'[\"*\"]',	'2025-02-26 19:21:37',	22,	'App\\Models\\User',	'2025-02-26 19:21:37',	'2025-02-26 19:21:37'),
(153,	'token',	'9cfe6419514291111f95b0737690e8b09eae4726329760a76a82f2e1174dfb81',	'[\"*\"]',	'2025-02-26 19:22:11',	22,	'App\\Models\\User',	'2025-02-26 19:22:11',	'2025-02-26 19:22:11'),
(154,	'token',	'03e2f884f9a1df4c80f5147d1189ca28da40cd34ca70eb936d2fd19055388769',	'[\"*\"]',	'2025-02-26 19:27:43',	22,	'App\\Models\\User',	'2025-02-26 19:27:43',	'2025-02-26 19:27:43'),
(155,	'token',	'84b0176182f2fbab784304d20b94554232bccc16a56e61f947c6ecb54ad251ec',	'[\"*\"]',	'2025-02-26 19:40:11',	22,	'App\\Models\\User',	'2025-02-26 19:40:11',	'2025-02-26 19:40:11'),
(156,	'token',	'dee6f44699cf1d52a4e91075fc63e63f3cb36c96b2e9e8a5f3240fc37070da14',	'[\"*\"]',	'2025-02-26 21:55:49',	22,	'App\\Models\\User',	'2025-02-26 21:55:49',	'2025-02-26 21:55:49'),
(157,	'token',	'64874a390abb15cad410328b0b9ff946fc5864e8df5d9d49960475e342bd7f0a',	'[\"*\"]',	'2025-02-26 21:56:03',	22,	'App\\Models\\User',	'2025-02-26 21:56:03',	'2025-02-26 21:56:03'),
(158,	'token',	'd9b6698cf95a7aace960543143889e72c58c5e9dbeb19ba2aa7e3847f47dbe1f',	'[\"*\"]',	'2025-02-27 10:43:19',	22,	'App\\Models\\User',	'2025-02-27 10:43:19',	'2025-02-27 10:43:19'),
(159,	'token',	'f898a8c782c86a55cc812bf652ee63092181bbcb17ab3f08f1d5a99c92180a35',	'[\"*\"]',	'2025-02-27 10:54:25',	22,	'App\\Models\\User',	'2025-02-27 10:54:25',	'2025-02-27 10:54:25'),
(160,	'token',	'3c0d83f406a4a26217eeea50b671bed5c1034d2e46ac0f292e46ce286ced58ed',	'[\"*\"]',	'2025-02-27 11:59:19',	22,	'App\\Models\\User',	'2025-02-27 11:59:19',	'2025-02-27 11:59:19'),
(161,	'token',	'2face9e423e3d503daffb285146b11bc28e0b51d82c0136f4b79f7b7ae3b2a8c',	'[\"*\"]',	'2025-02-27 12:55:03',	22,	'App\\Models\\User',	'2025-02-27 12:55:03',	'2025-02-27 12:55:03'),
(162,	'token',	'53ac6e354eedbf1ed90e259482c5acc78e09b9be56afc5a424f1e3c803aa245f',	'[\"*\"]',	'2025-02-27 12:56:35',	22,	'App\\Models\\User',	'2025-02-27 12:56:35',	'2025-02-27 12:56:35'),
(163,	'token',	'c8f8f508dfa573f0ec66b9dfc4ac2f189a56a61c8a480d8a23ee25f97562d647',	'[\"*\"]',	'2025-02-27 12:57:40',	22,	'App\\Models\\User',	'2025-02-27 12:57:40',	'2025-02-27 12:57:40'),
(164,	'token',	'feffa30761e21c1eb83ae434dfd301794195220f11dfee5e09e3e8cb250a8986',	'[\"*\"]',	'2025-02-27 12:58:09',	22,	'App\\Models\\User',	'2025-02-27 12:58:09',	'2025-02-27 12:58:09'),
(165,	'token',	'6b1e16833bac7b4109d1935a8679780a62a5d7eb660142829e7d6d6d82ff9ad5',	'[\"*\"]',	'2025-02-27 13:00:08',	22,	'App\\Models\\User',	'2025-02-27 13:00:08',	'2025-02-27 13:00:08'),
(166,	'token',	'0fe1dcf9721a4a3ca8a805dd46c4c9fdac49d747e297009b872f36cdd3f37a30',	'[\"*\"]',	'2025-02-27 15:11:48',	24,	'App\\Models\\User',	'2025-02-27 15:11:48',	'2025-02-27 15:11:48'),
(167,	'token',	'39f7e30816f508ce9a07e53554aea1f58568553d1ac541a254e00728f6246efa',	'[\"*\"]',	'2025-02-28 17:14:32',	24,	'App\\Models\\User',	'2025-02-28 17:14:32',	'2025-02-28 17:14:32'),
(168,	'token',	'00ea9268daa408fab14a2589562ec5d173fd2f72a12f5776117ef1c5a775a781',	'[\"*\"]',	'2025-03-03 06:53:00',	22,	'App\\Models\\User',	'2025-03-03 06:53:00',	'2025-03-03 06:53:00'),
(169,	'token',	'05f77ca3243dc492035c79cc35127243d09b27cf315f95a13b22273fee0a6088',	'[\"*\"]',	'2025-03-03 06:54:04',	22,	'App\\Models\\User',	'2025-03-03 06:54:04',	'2025-03-03 06:54:04'),
(170,	'token',	'9e4d85714e3d7a2db3828dd3be593ca9d5cfb6d179a6546bdc8b1ed371cade41',	'[\"*\"]',	'2025-03-03 06:57:14',	22,	'App\\Models\\User',	'2025-03-03 06:57:14',	'2025-03-03 06:57:14'),
(171,	'token',	'5e5dd0f39c8eafc70a788bbcbe78bc6c6059fb2a89f313cd04022a142932db7b',	'[\"*\"]',	'2025-03-03 07:05:56',	22,	'App\\Models\\User',	'2025-03-03 07:05:56',	'2025-03-03 07:05:56'),
(172,	'token',	'81e1db0fbde22578d07d1d75f2db751d1f6bc0f369794c4b74594dc190109949',	'[\"*\"]',	'2025-03-03 07:06:32',	22,	'App\\Models\\User',	'2025-03-03 07:06:32',	'2025-03-03 07:06:32'),
(173,	'token',	'cca751046ef234479de8d2762d3322cee93e563ef30cd7a0e4f1bbb5bc14a5c1',	'[\"*\"]',	'2025-03-03 07:08:26',	22,	'App\\Models\\User',	'2025-03-03 07:08:26',	'2025-03-03 07:08:26'),
(174,	'token',	'cae7f1af604778459e790bc7e1de15b5bd924ba12e118700288eb33791e9371c',	'[\"*\"]',	'2025-03-03 07:08:36',	22,	'App\\Models\\User',	'2025-03-03 07:08:36',	'2025-03-03 07:08:36'),
(175,	'token',	'77107eb140ccd0fe0a716c2b8af5faa4833bbcf9bf32880081b17fcad29874da',	'[\"*\"]',	'2025-03-03 07:16:21',	22,	'App\\Models\\User',	'2025-03-03 07:16:21',	'2025-03-03 07:16:21'),
(176,	'token',	'332d5b69043d52aa7762c2a83c10470fbd0ab7ea6e350a2c75d68a7400f63e6b',	'[\"*\"]',	'2025-03-03 07:19:51',	22,	'App\\Models\\User',	'2025-03-03 07:19:51',	'2025-03-03 07:19:51'),
(177,	'token',	'948edf70d5f8c73ae322c1a09466698492d7d713701a8e06e8e788392857b100',	'[\"*\"]',	'2025-03-03 07:20:00',	22,	'App\\Models\\User',	'2025-03-03 07:20:00',	'2025-03-03 07:20:00'),
(178,	'token',	'37a961d3876a0c69cc08e3c6f27e04c665875034678948fff2b930fb27110d79',	'[\"*\"]',	'2025-03-03 07:21:09',	22,	'App\\Models\\User',	'2025-03-03 07:21:09',	'2025-03-03 07:21:09'),
(179,	'token',	'b6bbd02b0271430f575d6b4d4d18333f241254a66b79f066616109a79119bf5c',	'[\"*\"]',	'2025-03-03 07:22:18',	22,	'App\\Models\\User',	'2025-03-03 07:22:18',	'2025-03-03 07:22:18'),
(180,	'token',	'bd97d444bb40e3323fe5bb84176024c6e5e585addc569fcb14ef4e68fc414a35',	'[\"*\"]',	'2025-03-03 07:26:48',	22,	'App\\Models\\User',	'2025-03-03 07:26:48',	'2025-03-03 07:26:48'),
(181,	'token',	'8bd41f2e1b1edec2a0bc3c17259163fe5d090e329b11bc376ca60ebb89a68034',	'[\"*\"]',	'2025-03-03 07:27:14',	22,	'App\\Models\\User',	'2025-03-03 07:27:14',	'2025-03-03 07:27:14'),
(182,	'token',	'da55747c291d92896d7dff82202d6827a3f0e79124e97a3f1f3bc2da56495747',	'[\"*\"]',	'2025-03-03 07:33:49',	22,	'App\\Models\\User',	'2025-03-03 07:33:49',	'2025-03-03 07:33:49'),
(183,	'token',	'ce11dfc838a34219c6e3a3bd8b78eb7f5474222fe5dc4b58ea382b03bef22c40',	'[\"*\"]',	'2025-03-03 07:47:55',	22,	'App\\Models\\User',	'2025-03-03 07:47:55',	'2025-03-03 07:47:55'),
(184,	'token',	'15294fa90959c0e560f25bfd3b7bdb82c9cdcdd39978788738290690182e1d51',	'[\"*\"]',	'2025-03-03 07:48:41',	22,	'App\\Models\\User',	'2025-03-03 07:48:41',	'2025-03-03 07:48:41'),
(185,	'token',	'a2b942a44809bf93f1bb7b513ee4192f34dc3a4aadd5161d130b4aeccbb0695f',	'[\"*\"]',	'2025-03-03 07:50:00',	22,	'App\\Models\\User',	'2025-03-03 07:50:00',	'2025-03-03 07:50:00'),
(186,	'token',	'7742e09f195286d123b28c68b1a239425526686073a852801dc406a8aa952bfe',	'[\"*\"]',	'2025-03-03 07:50:08',	22,	'App\\Models\\User',	'2025-03-03 07:50:08',	'2025-03-03 07:50:08'),
(187,	'token',	'8028674056fe715f202ba2610f6d517c0658cf5d0c9cafc5d32c7cfd23ea7d43',	'[\"*\"]',	'2025-03-03 07:50:13',	22,	'App\\Models\\User',	'2025-03-03 07:50:13',	'2025-03-03 07:50:13'),
(188,	'token',	'373916d71ad6db00e800870dc2fa4e2eddbe5c65598555a0698b2cb81b8a99e5',	'[\"*\"]',	'2025-03-03 08:12:09',	22,	'App\\Models\\User',	'2025-03-03 08:12:09',	'2025-03-03 08:12:09'),
(189,	'token',	'e1a80205e04b759080891b3e8b2299b0103fbc8a312d16096a7e6a7d1e441d3c',	'[\"*\"]',	'2025-03-03 08:15:26',	22,	'App\\Models\\User',	'2025-03-03 08:15:26',	'2025-03-03 08:15:26'),
(190,	'token',	'6fd911564579abfd8ab591a3999889aed848eb0fac0270b7517cfd50b03cf1e8',	'[\"*\"]',	'2025-03-03 08:42:54',	22,	'App\\Models\\User',	'2025-03-03 08:42:54',	'2025-03-03 08:42:54'),
(191,	'token',	'46d6f425a3f3141005639469e93f5eea4bbe833f1249e1b7cb44b65800d93ecd',	'[\"*\"]',	'2025-03-03 09:08:02',	22,	'App\\Models\\User',	'2025-03-03 09:08:02',	'2025-03-03 09:08:02'),
(192,	'token',	'2678a9611fe660c48f0988e9ddf660894bdabe06a3751a1b62672560633aa633',	'[\"*\"]',	'2025-03-03 09:22:13',	22,	'App\\Models\\User',	'2025-03-03 09:22:13',	'2025-03-03 09:22:13'),
(193,	'token',	'f61b18444e91b1b35999b1d14f9f89f865424684dd723a82b977e496fb7ce8ea',	'[\"*\"]',	'2025-03-03 09:50:28',	22,	'App\\Models\\User',	'2025-03-03 09:50:28',	'2025-03-03 09:50:28'),
(194,	'token',	'd7fad28e296945a65c9ab55c93406b2688a485da6ebf0f82928cdc5a52a1b054',	'[\"*\"]',	'2025-03-03 09:57:20',	22,	'App\\Models\\User',	'2025-03-03 09:57:20',	'2025-03-03 09:57:20'),
(195,	'token',	'3420ba53783972f3d7f20d1f57726b66cf83650ed2741d593d514467e8058ad7',	'[\"*\"]',	'2025-03-03 11:02:34',	22,	'App\\Models\\User',	'2025-03-03 11:02:34',	'2025-03-03 11:02:34'),
(196,	'token',	'465297fbe0a0af45a6c551adf0107e8f98dd52811619b5e40ac5c6cb532c7435',	'[\"*\"]',	'2025-03-03 11:40:48',	22,	'App\\Models\\User',	'2025-03-03 11:40:48',	'2025-03-03 11:40:48'),
(197,	'token',	'ab97285bd8371cf3471f10c0c53105613faf9d5480ec96657dbb15cce299f257',	'[\"*\"]',	'2025-03-03 11:44:47',	22,	'App\\Models\\User',	'2025-03-03 11:44:47',	'2025-03-03 11:44:47'),
(198,	'token',	'f6d417f8ef9c4bf3ae40015089bd2bb69af2ced7a4fd3006f6b9c18d971f15a2',	'[\"*\"]',	'2025-03-05 08:39:09',	22,	'App\\Models\\User',	'2025-03-05 08:39:09',	'2025-03-05 08:39:09'),
(199,	'token',	'cedc53bdaa477bf3aa761bbce4324112a2ea29221c46f4140491f41491889989',	'[\"*\"]',	'2025-03-05 08:50:07',	22,	'App\\Models\\User',	'2025-03-05 08:50:07',	'2025-03-05 08:50:07'),
(200,	'token',	'685de2abdf118bd5bcd501e10be4a5d4e269532962cf4afedd09d4cd8c4f75aa',	'[\"*\"]',	'2025-03-05 08:56:36',	22,	'App\\Models\\User',	'2025-03-05 08:56:36',	'2025-03-05 08:56:36'),
(201,	'token',	'32317d32420df2fa389d610ec17d43d80a70c146211e8b3bd0c42f6283b447b8',	'[\"*\"]',	'2025-03-05 10:20:59',	22,	'App\\Models\\User',	'2025-03-05 10:20:59',	'2025-03-05 10:20:59'),
(202,	'token',	'947039ab172707d634599ea77b33d5c8ff1c545fdc597dec2f8459bc53307895',	'[\"*\"]',	'2025-03-12 07:24:56',	22,	'App\\Models\\User',	'2025-03-12 07:24:56',	'2025-03-12 07:24:56'),
(203,	'token',	'62f3c472d4d04f86da97ed053871a144eb1cecbc6899f2660115f89c6c2b3531',	'[\"*\"]',	'2025-03-12 07:44:57',	22,	'App\\Models\\User',	'2025-03-12 07:44:57',	'2025-03-12 07:44:57'),
(204,	'token',	'ab582be3eb3766c2e6e5ed56f391de3e6648a27dac6d90fecedf407aa018026c',	'[\"*\"]',	'2025-03-12 07:51:19',	22,	'App\\Models\\User',	'2025-03-12 07:51:19',	'2025-03-12 07:51:19'),
(205,	'token',	'85c09b51d2c551d3c714edc3604a93010fce1a321e8dcd860f651ab3a46ad528',	'[\"*\"]',	'2025-03-12 09:12:39',	22,	'App\\Models\\User',	'2025-03-12 09:12:39',	'2025-03-12 09:12:39'),
(206,	'token',	'1305d7d9a0999a7d0d9e0594eb88c1dcc2b45f29cbc108734c64514cb29a1b5b',	'[\"*\"]',	'2025-03-12 11:19:18',	23,	'App\\Models\\User',	'2025-03-12 11:19:18',	'2025-03-12 11:19:18'),
(207,	'token',	'd560aefc8ed51d17d4649f418b0a95a5e39bd2669b1d422b7fe0c312ed70f5e5',	'[\"*\"]',	'2025-03-13 11:09:23',	22,	'App\\Models\\User',	'2025-03-13 11:09:23',	'2025-03-13 11:09:23'),
(208,	'token',	'a5dacb3accf15fd71c1836c81bc539a0199be7423b205b0c0735dee421a0e958',	'[\"*\"]',	'2025-03-13 11:33:32',	22,	'App\\Models\\User',	'2025-03-13 11:33:32',	'2025-03-13 11:33:32'),
(209,	'token',	'371f40e775f1d0d6c12c4203080a9eaa10d0213f5edf708b98e75e9e925d106e',	'[\"*\"]',	'2025-03-13 12:17:40',	22,	'App\\Models\\User',	'2025-03-13 12:17:40',	'2025-03-13 12:17:40'),
(210,	'token',	'c9732359d553cd917e9d6187bdd94df01534050c53b06dfe70a45486abd03584',	'[\"*\"]',	'2025-03-13 12:18:43',	22,	'App\\Models\\User',	'2025-03-13 12:18:43',	'2025-03-13 12:18:43'),
(211,	'token',	'433c2a0c2adde3db725e49da55727245b8254841df3521c1195a015bdbd653ae',	'[\"*\"]',	'2025-03-13 12:35:01',	22,	'App\\Models\\User',	'2025-03-13 12:35:01',	'2025-03-13 12:35:01'),
(212,	'token',	'e465058fe8b84bea1845c0a7e26391722dd37825c34eed64dda8a17b55e97888',	'[\"*\"]',	'2025-03-13 12:37:16',	22,	'App\\Models\\User',	'2025-03-13 12:37:16',	'2025-03-13 12:37:16'),
(213,	'token',	'98101e5b7cc4b0ee683918a5e3ccb3098e611d43a1a54bffad48cb099060aa52',	'[\"*\"]',	'2025-03-14 06:54:04',	22,	'App\\Models\\User',	'2025-03-14 06:54:04',	'2025-03-14 06:54:04'),
(214,	'token',	'0a6b04997fd12bbcd3d2cb439070d72ce804aae2379a5e36cbf9f85f001c84cd',	'[\"*\"]',	'2025-03-19 10:14:44',	22,	'App\\Models\\User',	'2025-03-19 10:14:44',	'2025-03-19 10:14:44'),
(215,	'token',	'd7a9f9f3d8884bf34bc04487fe2cbc8e0a2ffa3f05726611e5c1bb192f3dcfec',	'[\"*\"]',	'2025-03-19 10:15:21',	22,	'App\\Models\\User',	'2025-03-19 10:15:21',	'2025-03-19 10:15:21'),
(216,	'token',	'933dfb4613ac66573181d126f8acaa821c225439bbef6bca96760bf1df45a71b',	'[\"*\"]',	'2025-03-19 10:20:42',	22,	'App\\Models\\User',	'2025-03-19 10:20:42',	'2025-03-19 10:20:42'),
(217,	'token',	'909e7936d4ad0dee2d9dcabc457c37f5e51db5557ebda5f275aa428ce3d07fe3',	'[\"*\"]',	'2025-03-19 11:27:26',	22,	'App\\Models\\User',	'2025-03-19 11:27:26',	'2025-03-19 11:27:26'),
(218,	'token',	'0c6dd720e377c61eb2062a4d95e3d060c01d2dde7ffb71fa70c0c0806d7cdc3b',	'[\"*\"]',	'2025-03-19 11:27:55',	22,	'App\\Models\\User',	'2025-03-19 11:27:55',	'2025-03-19 11:27:55'),
(219,	'token',	'4d0656bc98d98ba981e7a7affadedcd65f8ba04e0141420b2687f307fa735f14',	'[\"*\"]',	'2025-03-19 11:32:14',	22,	'App\\Models\\User',	'2025-03-19 11:32:14',	'2025-03-19 11:32:14'),
(220,	'token',	'f7e218fe3bae56dddec7d6dc730fc0b20c8e868a2632798e1e780947b0b468a1',	'[\"*\"]',	'2025-03-19 11:44:58',	22,	'App\\Models\\User',	'2025-03-19 11:44:58',	'2025-03-19 11:44:58'),
(221,	'token',	'8cdd8687ac609f1d7c8dc1da5d93c0f835c48630dcc7aa9149957474357c5afb',	'[\"*\"]',	'2025-03-19 11:45:52',	22,	'App\\Models\\User',	'2025-03-19 11:45:52',	'2025-03-19 11:45:52'),
(222,	'token',	'2619da3ad8298e18e0b5758eb7f44f967d9e167faac31ee7cf3e0aff9f1efe20',	'[\"*\"]',	'2025-03-19 11:49:02',	22,	'App\\Models\\User',	'2025-03-19 11:49:02',	'2025-03-19 11:49:02'),
(223,	'token',	'9ca1e58556cddc60c2fdc2a011e05a03e24d66e3a9d363bfeb8176b0cf82503f',	'[\"*\"]',	'2025-03-19 12:00:56',	22,	'App\\Models\\User',	'2025-03-19 12:00:56',	'2025-03-19 12:00:56'),
(224,	'token',	'fd32ff34dfec276c818ac61fddebdface5716206485e441f7d69cbde4ad086c5',	'[\"*\"]',	'2025-03-19 12:08:53',	22,	'App\\Models\\User',	'2025-03-19 12:08:53',	'2025-03-19 12:08:53'),
(225,	'token',	'baea534cf40e61db673327e133dcd114f301ab178fb17a6c57f2389c333742b1',	'[\"*\"]',	'2025-03-19 12:18:24',	22,	'App\\Models\\User',	'2025-03-19 12:18:24',	'2025-03-19 12:18:24'),
(226,	'token',	'5cc26042824fa9e1d5b0a62bdbd9c993ceeec93b5344b9c9503cc092272f884c',	'[\"*\"]',	'2025-03-19 12:28:49',	22,	'App\\Models\\User',	'2025-03-19 12:28:49',	'2025-03-19 12:28:49'),
(227,	'token',	'0b8678b260c25c01ee2948c9075da8a2c31026d32699e6b109f2dc19864a2692',	'[\"*\"]',	'2025-03-19 12:36:37',	22,	'App\\Models\\User',	'2025-03-19 12:36:37',	'2025-03-19 12:36:37'),
(228,	'token',	'520bf0cc83d5baa19f933e75ba0096cb94fd26cf04699e95b68347c7c48b008a',	'[\"*\"]',	'2025-03-19 12:54:29',	22,	'App\\Models\\User',	'2025-03-19 12:54:29',	'2025-03-19 12:54:29'),
(229,	'token',	'07d215099108bbef80b2c975734dddbdd0acbf21b8d559048c5eae8b9dcede4b',	'[\"*\"]',	'2025-03-19 12:54:56',	22,	'App\\Models\\User',	'2025-03-19 12:54:56',	'2025-03-19 12:54:56'),
(230,	'token',	'd0865a99ba3ab380d5fca2ee77393fa3ec3e1e9040caa2b333ff8d0adc75e294',	'[\"*\"]',	'2025-03-19 14:49:08',	22,	'App\\Models\\User',	'2025-03-19 14:49:08',	'2025-03-19 14:49:08'),
(231,	'token',	'4935336ccbcfe483f9c7e20fb488654da85f23ee420542b592402d553b145fbc',	'[\"*\"]',	'2025-03-19 14:57:37',	22,	'App\\Models\\User',	'2025-03-19 14:57:37',	'2025-03-19 14:57:37'),
(232,	'token',	'b0a05beaf5f6cfa0fc159d27fa581dd21066996d57a8c68e385c167b6ff41b17',	'[\"*\"]',	'2025-03-20 12:14:01',	22,	'App\\Models\\User',	'2025-03-20 12:14:01',	'2025-03-20 12:14:01'),
(233,	'token',	'1c46750606845c3361c8c3922e53bbc1dbd3bf63a5b5d6d3dd25495412d40272',	'[\"*\"]',	'2025-03-20 12:34:05',	23,	'App\\Models\\User',	'2025-03-20 12:34:05',	'2025-03-20 12:34:05'),
(234,	'token',	'2feee878d814e0c9195a5c1a891975ad2d559dec5bf83be9a6622a8c7c4be757',	'[\"*\"]',	'2025-03-22 16:24:06',	24,	'App\\Models\\User',	'2025-03-22 16:24:06',	'2025-03-22 16:24:06'),
(235,	'token',	'67e62390812dec4334a45fc0cd0bf8277e859e410f2beea7307c9242f9b860d2',	'[\"*\"]',	'2025-03-24 14:25:14',	23,	'App\\Models\\User',	'2025-03-24 14:25:14',	'2025-03-24 14:25:14'),
(236,	'token',	'34fb9ffea25531114aa4f5312d3fbb78edfeeba7db6f7a0ba2d60db1a99185a5',	'[\"*\"]',	'2025-03-24 16:44:18',	23,	'App\\Models\\User',	'2025-03-24 16:44:18',	'2025-03-24 16:44:18'),
(237,	'token',	'473bd337b2130af10f8ea9e39335d825e078109f7b67f8877369b076fffbbebc',	'[\"*\"]',	'2025-03-24 17:01:02',	23,	'App\\Models\\User',	'2025-03-24 17:01:02',	'2025-03-24 17:01:02'),
(238,	'token',	'b5ed1e45ef6dbfc91487ad1cad4277e573a9c786c632be84453a3478a0b33792',	'[\"*\"]',	'2025-03-24 17:08:42',	23,	'App\\Models\\User',	'2025-03-24 17:08:42',	'2025-03-24 17:08:42'),
(239,	'token',	'4802de5e08cd265a39c27b4d5fe5edaf514882d82d869ddd6daa33525cd53000',	'[\"*\"]',	'2025-03-24 20:50:29',	23,	'App\\Models\\User',	'2025-03-24 20:50:29',	'2025-03-24 20:50:29'),
(240,	'token',	'fc22a30d0e22d17e2ea1f5d81e23c06b0b46142c44cfde076771bdbad0834f69',	'[\"*\"]',	'2025-03-24 20:51:41',	25,	'App\\Models\\User',	'2025-03-24 20:51:41',	'2025-03-24 20:51:41'),
(241,	'token',	'e758987c14ad87b6798cfc3da35b53369189805c467b71f4238a1507d5f89915',	'[\"*\"]',	'2025-03-24 20:58:42',	23,	'App\\Models\\User',	'2025-03-24 20:58:42',	'2025-03-24 20:58:42'),
(242,	'token',	'f85b649655c833dd272cf466d6100d13724ed9d4264abc44f83e42a118f60a20',	'[\"*\"]',	'2025-03-25 06:57:56',	23,	'App\\Models\\User',	'2025-03-25 06:57:56',	'2025-03-25 06:57:56'),
(243,	'token',	'9983a264b85c25b5b87d73e3d704545819e259111d54378480c765c62de6f80b',	'[\"*\"]',	'2025-03-25 07:17:25',	23,	'App\\Models\\User',	'2025-03-25 07:17:25',	'2025-03-25 07:17:25'),
(244,	'token',	'0d51ff52eb35feacba645df154fa1da36ec0ebae114e4e46a7e1e1114a77170b',	'[\"*\"]',	'2025-03-25 07:25:40',	27,	'App\\Models\\User',	'2025-03-25 07:25:40',	'2025-03-25 07:25:40'),
(245,	'token',	'959f520d7bcaf4b0dfffed511f939159771d24b28b6c1c334a3e94f4bfbb9737',	'[\"*\"]',	'2025-03-25 07:59:08',	23,	'App\\Models\\User',	'2025-03-25 07:59:08',	'2025-03-25 07:59:08'),
(246,	'token',	'05bdc2e015ff19aa99bfba7c2334beb04832a7da4bd4df2fc2a87fa97156a58c',	'[\"*\"]',	'2025-03-25 08:02:33',	23,	'App\\Models\\User',	'2025-03-25 08:02:33',	'2025-03-25 08:02:33'),
(247,	'token',	'5cc171a2a36b3e447f60428528e8fd114a0325494594c8b3e46ef2afbb670077',	'[\"*\"]',	'2025-03-25 08:08:10',	27,	'App\\Models\\User',	'2025-03-25 08:08:10',	'2025-03-25 08:08:10'),
(248,	'token',	'9830b128b4af02cf04854cdd81fd49590bff6c383ef2d5c06a78497a03bc306c',	'[\"*\"]',	'2025-03-25 08:15:52',	23,	'App\\Models\\User',	'2025-03-25 08:15:52',	'2025-03-25 08:15:52'),
(249,	'token',	'8f928a26a9a358c37e7402c42b83f782e2dfa1260c292755f3033817bef25da4',	'[\"*\"]',	'2025-03-26 09:41:22',	23,	'App\\Models\\User',	'2025-03-26 09:41:22',	'2025-03-26 09:41:22'),
(250,	'token',	'fac479839af8a318d12f3e6e6632058aef79f4d853ff8478356cc9275ff22b0b',	'[\"*\"]',	'2025-03-26 10:06:30',	23,	'App\\Models\\User',	'2025-03-26 10:06:30',	'2025-03-26 10:06:30'),
(251,	'token',	'7ba378a8b7a73bb54c93f893c1a00d9200fa41829ac63384e28b560cb64b67ba',	'[\"*\"]',	'2025-03-26 10:07:47',	28,	'App\\Models\\User',	'2025-03-26 10:07:47',	'2025-03-26 10:07:47'),
(252,	'token',	'a1ab011e00cfb63f603b932ba802bc86245525002122a97b9af87ecb232665d0',	'[\"*\"]',	'2025-03-26 10:07:57',	28,	'App\\Models\\User',	'2025-03-26 10:07:57',	'2025-03-26 10:07:57'),
(253,	'token',	'e206d4cd503e802b70bab0289695afa1fcf0b87c9586665494261d178ddef400',	'[\"*\"]',	'2025-03-26 10:10:46',	29,	'App\\Models\\User',	'2025-03-26 10:10:46',	'2025-03-26 10:10:46'),
(254,	'token',	'4acf749eb5e4265d5f4c2f361b0d9cc39be28e5bd8b0fd8f7adf7cf3c4f8101b',	'[\"*\"]',	'2025-03-26 10:11:31',	29,	'App\\Models\\User',	'2025-03-26 10:11:31',	'2025-03-26 10:11:31'),
(255,	'token',	'9a693ef1a706ee52fee80ba1b8176d3fe526881de79bbae779bda2a64bd79586',	'[\"*\"]',	'2025-03-26 11:03:32',	29,	'App\\Models\\User',	'2025-03-26 11:03:32',	'2025-03-26 11:03:32'),
(256,	'token',	'8c91e79844a14dde3e514c9204f031b0cb6ca4116706326f20e86e96c04434cb',	'[\"*\"]',	'2025-03-26 11:53:46',	29,	'App\\Models\\User',	'2025-03-26 11:53:46',	'2025-03-26 11:53:46'),
(257,	'token',	'10d61db1d659662ad20fb39cc993b34cffc6e62126d7b247499450f69155efc0',	'[\"*\"]',	'2025-03-27 12:25:52',	23,	'App\\Models\\User',	'2025-03-27 12:25:52',	'2025-03-27 12:25:52'),
(258,	'token',	'3a1e97737559b6b988db7d0a95aaa73160a095dfe00675be929a9755db9df056',	'[\"*\"]',	'2025-03-27 12:27:02',	23,	'App\\Models\\User',	'2025-03-27 12:27:02',	'2025-03-27 12:27:02'),
(259,	'token',	'7df458c541c78bba0ed99e0cdd183c5137dbc38db64bd22bf4f2cceab737fa30',	'[\"*\"]',	'2025-03-27 12:42:28',	23,	'App\\Models\\User',	'2025-03-27 12:42:28',	'2025-03-27 12:42:28'),
(260,	'token',	'c730caf97be66b18756b246396d6f55d71924a1057d60ed7be5ad887548794f9',	'[\"*\"]',	'2025-03-27 12:47:59',	23,	'App\\Models\\User',	'2025-03-27 12:47:59',	'2025-03-27 12:47:59'),
(261,	'token',	'61ef9fe19e26c5243df002af3f1d90faed5893b23b756f419c8832b7ee42414e',	'[\"*\"]',	'2025-03-27 15:29:33',	23,	'App\\Models\\User',	'2025-03-27 15:29:33',	'2025-03-27 15:29:33'),
(262,	'token',	'd3a101edcfdb9e1a92995a41a373fe4ef41d5c3ed2dd8ea35e463c4d1e0aa3d7',	'[\"*\"]',	'2025-03-27 17:38:28',	23,	'App\\Models\\User',	'2025-03-27 17:38:28',	'2025-03-27 17:38:28'),
(263,	'token',	'1d1b0013552ddb0aec5b62f50985fc3b85d07ddd3526c038b40bac8547811a4e',	'[\"*\"]',	'2025-03-28 09:46:59',	23,	'App\\Models\\User',	'2025-03-28 09:46:59',	'2025-03-28 09:46:59'),
(264,	'token',	'610efa3f962354f199b48357bdb4f7d73f1e0c0ab307e2e9e6f437f4c4d47f7b',	'[\"*\"]',	'2025-03-28 09:48:49',	23,	'App\\Models\\User',	'2025-03-28 09:48:49',	'2025-03-28 09:48:49'),
(265,	'token',	'183c232d0038212b08a3a5121ed387c2c84e871fd9e4c8e773ee5e4e006a36e8',	'[\"*\"]',	'2025-03-28 10:46:01',	23,	'App\\Models\\User',	'2025-03-28 10:46:01',	'2025-03-28 10:46:01'),
(266,	'token',	'517bd6e721e95994f4954ba4ebe35030163b3c741d19ad81ea76917777cb84e7',	'[\"*\"]',	'2025-03-28 10:46:50',	23,	'App\\Models\\User',	'2025-03-28 10:46:50',	'2025-03-28 10:46:50'),
(267,	'token',	'fbebb2074457179d97eb628183f821dd714ed9c12081ac0e6f216b33d8b5911e',	'[\"*\"]',	'2025-03-28 10:47:27',	23,	'App\\Models\\User',	'2025-03-28 10:47:27',	'2025-03-28 10:47:27'),
(268,	'token',	'0018ccecfd73dc412f7529dd2bc540c4794f48c3ddcaddde2106ed06e83cdc33',	'[\"*\"]',	'2025-03-28 16:04:52',	23,	'App\\Models\\User',	'2025-03-28 16:04:52',	'2025-03-28 16:04:52'),
(269,	'token',	'c754c53e000768d22b0bc567cd4f02e4aa19b5e428390be3ff20e0eb7ae74bc2',	'[\"*\"]',	'2025-03-28 16:46:12',	23,	'App\\Models\\User',	'2025-03-28 16:46:12',	'2025-03-28 16:46:12'),
(270,	'token',	'566df15b2804cd5cd2990479c8732e86df2b3eea9211e017a66d0819d12b84d0',	'[\"*\"]',	'2025-03-31 08:25:33',	23,	'App\\Models\\User',	'2025-03-31 08:25:33',	'2025-03-31 08:25:33'),
(271,	'token',	'31bf15f6aa4387b2d6733be4bec43975df44f40390c1438eac3d0bdeba7b1f43',	'[\"*\"]',	'2025-03-31 08:50:39',	23,	'App\\Models\\User',	'2025-03-31 08:50:39',	'2025-03-31 08:50:39'),
(272,	'token',	'd9aabccf424df3debdf0bbf294ff8d9dc5ccf4507b80d702576f45169653b012',	'[\"*\"]',	'2025-03-31 09:37:35',	23,	'App\\Models\\User',	'2025-03-31 09:37:35',	'2025-03-31 09:37:35'),
(273,	'token',	'b28906336a178826220a139175bd7ffe7e77de10647982330c7631389eef5ad7',	'[\"*\"]',	'2025-03-31 09:53:17',	23,	'App\\Models\\User',	'2025-03-31 09:53:17',	'2025-03-31 09:53:17'),
(274,	'token',	'a8706e85dafa45824904f1aae16d147b5e40653b1f7de1dd78b679f64e1c00f0',	'[\"*\"]',	'2025-03-31 09:53:28',	23,	'App\\Models\\User',	'2025-03-31 09:53:28',	'2025-03-31 09:53:28'),
(275,	'token',	'b33abfc810058a95edb408edea4d900619d2f8f56290ee7dfd05719d4f884e64',	'[\"*\"]',	'2025-03-31 09:58:47',	23,	'App\\Models\\User',	'2025-03-31 09:58:47',	'2025-03-31 09:58:47'),
(276,	'token',	'fac1a7c4654b0ed59c6a5cba18f1d7d02c0edcaae5f9d7ef0bcb8ce93803eb74',	'[\"*\"]',	'2025-03-31 09:59:20',	23,	'App\\Models\\User',	'2025-03-31 09:59:20',	'2025-03-31 09:59:20'),
(277,	'token',	'05f28c9fa549c3c05814cd47ccf5c348cc7ec43d8c9227ec874d34648bafc7ce',	'[\"*\"]',	'2025-03-31 10:01:33',	23,	'App\\Models\\User',	'2025-03-31 10:01:33',	'2025-03-31 10:01:33'),
(278,	'token',	'd35f19e55f84be8ad4eedcf2ab983d8c3aceee30b8f60512baf0009e899862fc',	'[\"*\"]',	'2025-03-31 10:07:22',	23,	'App\\Models\\User',	'2025-03-31 10:07:22',	'2025-03-31 10:07:22'),
(279,	'token',	'ba2bd0d59af0a9d5db72a21b6f82c9ad03510ed8bef2ec3176cfcfe92afecc04',	'[\"*\"]',	'2025-03-31 10:08:26',	23,	'App\\Models\\User',	'2025-03-31 10:08:26',	'2025-03-31 10:08:26'),
(280,	'token',	'd65202de99370f9bd0ecdfcece8505a9a203872fdfd2266c8f934fd7707d9878',	'[\"*\"]',	'2025-03-31 10:25:13',	23,	'App\\Models\\User',	'2025-03-31 10:25:13',	'2025-03-31 10:25:13'),
(281,	'token',	'291aa9b61cd6044f8e8975e07cd4d2904f6d9eee20578907a2c832190dc47c5d',	'[\"*\"]',	'2025-03-31 10:31:34',	24,	'App\\Models\\User',	'2025-03-31 10:31:34',	'2025-03-31 10:31:34'),
(282,	'token',	'e6020ad13a2b2b250bcf766df6e01ef9557720e63830ce8e4061366128b4dd06',	'[\"*\"]',	'2025-03-31 10:59:11',	23,	'App\\Models\\User',	'2025-03-31 10:59:11',	'2025-03-31 10:59:11'),
(283,	'token',	'1b5f2a293f1d70042cfd796a5d0d63d03e26e79c0aa13b1fd44e025bc4af8fcd',	'[\"*\"]',	'2025-03-31 11:37:27',	23,	'App\\Models\\User',	'2025-03-31 11:37:27',	'2025-03-31 11:37:27'),
(284,	'token',	'6b13ae12a20fd61877830990fbaf926012883530a20d0d64cf0004ed191afbed',	'[\"*\"]',	'2025-04-02 07:59:26',	23,	'App\\Models\\User',	'2025-04-02 07:59:26',	'2025-04-02 07:59:26'),
(285,	'token',	'5e2e8508b854a9e74aeaa3d8f9fb3087892a56b712bd193f32f2ac7bb7db69ae',	'[\"*\"]',	'2025-04-02 08:13:15',	23,	'App\\Models\\User',	'2025-04-02 08:13:15',	'2025-04-02 08:13:15'),
(286,	'token',	'915dad935dcc1f97e0675a396bbe8f0c11fb401191c81989d9584cd69b8bf181',	'[\"*\"]',	'2025-04-02 08:17:51',	23,	'App\\Models\\User',	'2025-04-02 08:17:51',	'2025-04-02 08:17:51'),
(287,	'token',	'fc41e8b3134272a3d4b50aebcdc0c4373b957da2defa2ffc300b4907a051e6b8',	'[\"*\"]',	'2025-04-02 08:18:28',	23,	'App\\Models\\User',	'2025-04-02 08:18:28',	'2025-04-02 08:18:28'),
(288,	'token',	'9c2646d7ccc399f58d007b59a599e70f2df4fca3cd0fcb6f983eb7d5295e342b',	'[\"*\"]',	'2025-04-02 09:02:47',	23,	'App\\Models\\User',	'2025-04-02 09:02:47',	'2025-04-02 09:02:47'),
(289,	'token',	'f37873f9d772818f51a1fb49f881b0e7ca381286fab96ad1fdb18a9a5a619ed8',	'[\"*\"]',	'2025-04-02 09:04:33',	23,	'App\\Models\\User',	'2025-04-02 09:04:33',	'2025-04-02 09:04:33'),
(290,	'token',	'97849c527cfca117ec98bd92a53e1f080471c5b4ec50feeab66dd6b485bf54f8',	'[\"*\"]',	'2025-04-02 09:05:25',	23,	'App\\Models\\User',	'2025-04-02 09:05:25',	'2025-04-02 09:05:25'),
(291,	'token',	'a0639bc0475e5fba1811e0c2418186aee5f8913f6dae75f76475e4183bb90cce',	'[\"*\"]',	'2025-04-02 09:13:26',	23,	'App\\Models\\User',	'2025-04-02 09:13:26',	'2025-04-02 09:13:26'),
(292,	'token',	'05d60cb4362b58f1d8dfdb30b3656f1244d5e1adf5d2c3a73df36eb0c031084a',	'[\"*\"]',	'2025-04-02 09:16:21',	23,	'App\\Models\\User',	'2025-04-02 09:16:21',	'2025-04-02 09:16:21'),
(293,	'token',	'a06617ddf343d3e8a106b47822b3719ecda1a77b8c7c5564ba8ccf3f512dbd01',	'[\"*\"]',	'2025-04-02 09:23:48',	23,	'App\\Models\\User',	'2025-04-02 09:23:48',	'2025-04-02 09:23:48'),
(294,	'token',	'de48f72ead89dff78bfd56c98942c365c6dea668115b103a1f756b05a11b48f0',	'[\"*\"]',	'2025-04-02 09:24:52',	23,	'App\\Models\\User',	'2025-04-02 09:24:52',	'2025-04-02 09:24:52'),
(295,	'token',	'a529ca44bbef5ad5b9c7f8478e5af8ceb67584dd37eef4b123cc0c4da31a8a42',	'[\"*\"]',	'2025-04-02 09:25:15',	23,	'App\\Models\\User',	'2025-04-02 09:25:15',	'2025-04-02 09:25:15'),
(296,	'token',	'06fd05f23789ec70e7bae41c610a47b3266ccc3689bb43a76c5e4aa2a6114761',	'[\"*\"]',	'2025-04-02 10:14:37',	23,	'App\\Models\\User',	'2025-04-02 10:14:37',	'2025-04-02 10:14:37'),
(297,	'token',	'761ab56d9af35b844e86ea0241e7ad809babcfbd20e512c06174efdb09596284',	'[\"*\"]',	'2025-04-02 10:21:50',	23,	'App\\Models\\User',	'2025-04-02 10:21:50',	'2025-04-02 10:21:50'),
(298,	'token',	'f4a02803a71aa6ceaed89eee4df216197f249cf6e740e3fe7c235e7502d495c8',	'[\"*\"]',	'2025-04-02 11:05:08',	23,	'App\\Models\\User',	'2025-04-02 11:05:08',	'2025-04-02 11:05:08'),
(299,	'token',	'31703d82d72273c71a17d55c46b2d098cf55bf6c1a6198fce823d96366650387',	'[\"*\"]',	'2025-04-02 11:14:28',	23,	'App\\Models\\User',	'2025-04-02 11:14:28',	'2025-04-02 11:14:28'),
(300,	'token',	'f7984f8ee6573e60f9e4237095459a3ba100d37a798aa988b4926b7033cedc79',	'[\"*\"]',	'2025-04-02 14:44:07',	23,	'App\\Models\\User',	'2025-04-02 14:44:07',	'2025-04-02 14:44:07'),
(301,	'token',	'76383b0a0086bdedfb54c6fe706cb37144dc47c64f81ff15d33519e490f3fb45',	'[\"*\"]',	'2025-04-02 15:02:29',	23,	'App\\Models\\User',	'2025-04-02 15:02:29',	'2025-04-02 15:02:29'),
(302,	'token',	'491a2b3dbfea9b49568a659a744a41e36b607a40c1558cd529800dc587cbab45',	'[\"*\"]',	'2025-04-02 15:31:22',	23,	'App\\Models\\User',	'2025-04-02 15:31:22',	'2025-04-02 15:31:22'),
(303,	'token',	'a90b61883e127e824ec6ba55734c6c635d7efa12872b43a53e6462efe3d126ec',	'[\"*\"]',	'2025-04-02 15:33:11',	23,	'App\\Models\\User',	'2025-04-02 15:33:11',	'2025-04-02 15:33:11'),
(304,	'token',	'bb9bda182b1bce450d4c454af3e5f1a8f1f2e15a4d59ef3d4fab24e21a110af3',	'[\"*\"]',	'2025-04-02 15:45:35',	23,	'App\\Models\\User',	'2025-04-02 15:45:35',	'2025-04-02 15:45:35'),
(305,	'token',	'611df76eb71feefdc103a761dcd791d53161b179ffbc89c76f0898e846fe3cc2',	'[\"*\"]',	'2025-04-03 09:45:41',	23,	'App\\Models\\User',	'2025-04-03 09:45:41',	'2025-04-03 09:45:41'),
(306,	'token',	'a0008298dff298bfdf86a1dfb08dc821af530b79f14bc559ed2877ab19173936',	'[\"*\"]',	'2025-04-03 10:01:39',	23,	'App\\Models\\User',	'2025-04-03 10:01:39',	'2025-04-03 10:01:39'),
(307,	'token',	'8449b46248bfe915da4742ebebdf6f73b049442cd70c11170044460436138721',	'[\"*\"]',	'2025-04-03 10:09:23',	23,	'App\\Models\\User',	'2025-04-03 10:09:23',	'2025-04-03 10:09:23'),
(308,	'token',	'629fabf66ddabbab93965cfeeed75284009bca331a75aaf5dcc277c7bfb019ce',	'[\"*\"]',	'2025-04-03 10:28:45',	27,	'App\\Models\\User',	'2025-04-03 10:28:45',	'2025-04-03 10:28:45'),
(309,	'token',	'9e758c1b29b47aa0e581a59cb404b5858acd147abfe5ed0d669f64c4b793fee2',	'[\"*\"]',	'2025-04-03 10:47:31',	23,	'App\\Models\\User',	'2025-04-03 10:47:31',	'2025-04-03 10:47:31'),
(310,	'token',	'f7a71d6a76bc7b829ff03df0620b0f2b7e1789d7aeaf6a6e3f65caeb14d0a7a4',	'[\"*\"]',	'2025-04-03 12:54:09',	23,	'App\\Models\\User',	'2025-04-03 12:54:09',	'2025-04-03 12:54:09'),
(311,	'token',	'df1eafc7c1c7d2eacc9c8c5c741d12d84955c157d1ff50c614522a1d69b64cb8',	'[\"*\"]',	'2025-04-06 17:01:15',	23,	'App\\Models\\User',	'2025-04-06 17:01:15',	'2025-04-06 17:01:15'),
(312,	'token',	'ee0e40bd523806b3ed0fae8c82746975a131fbdbaffdc449f5dfd195b1b03898',	'[\"*\"]',	'2025-04-07 06:19:15',	23,	'App\\Models\\User',	'2025-04-07 06:19:15',	'2025-04-07 06:19:15'),
(313,	'token',	'07399bfad0187bcb6cd4ef6905e682f5a41eaf033f6d64911e434aecadac56f6',	'[\"*\"]',	'2025-04-07 06:54:36',	23,	'App\\Models\\User',	'2025-04-07 06:54:36',	'2025-04-07 06:54:36'),
(314,	'token',	'f6630cc09067fe786bb64b239bcede57e734bba422a356bf6ac5bf20fb70416d',	'[\"*\"]',	'2025-04-07 07:28:58',	23,	'App\\Models\\User',	'2025-04-07 07:28:58',	'2025-04-07 07:28:58'),
(315,	'token',	'adfedacb507ecd92a2928cf8517ea339fdc3ed3f144a9973f28f9cdc0333958c',	'[\"*\"]',	'2025-04-07 08:12:46',	23,	'App\\Models\\User',	'2025-04-07 08:12:46',	'2025-04-07 08:12:46'),
(316,	'token',	'ff1d28c7bf84a8737cd621210bd944424ef9863b6b031c34f79465f4d7a05769',	'[\"*\"]',	'2025-04-07 08:19:07',	23,	'App\\Models\\User',	'2025-04-07 08:19:07',	'2025-04-07 08:19:07'),
(317,	'token',	'f9654d1f611cc377bf920a24f0c89bb6bda22fdc2ef458f5437833c7369370df',	'[\"*\"]',	'2025-04-07 08:20:58',	23,	'App\\Models\\User',	'2025-04-07 08:20:58',	'2025-04-07 08:20:58'),
(318,	'token',	'f01f3f0db1e8add1588631cd355451a39db5baa7d70ddcea7b064beb419fa5a4',	'[\"*\"]',	'2025-04-07 08:55:22',	23,	'App\\Models\\User',	'2025-04-07 08:55:22',	'2025-04-07 08:55:22'),
(319,	'token',	'804e492fb2cb0529cc7cfc85212f34fbd6ecf0981481c1f4472f0a1db3623ffd',	'[\"*\"]',	'2025-04-07 08:57:46',	23,	'App\\Models\\User',	'2025-04-07 08:57:46',	'2025-04-07 08:57:46'),
(320,	'token',	'd3ec6056275ea05e06cdd9f0ab090d65e172a3021f0d74afbbb15795d68cb116',	'[\"*\"]',	'2025-04-07 10:10:11',	30,	'App\\Models\\User',	'2025-04-07 10:10:11',	'2025-04-07 10:10:11'),
(321,	'token',	'7aac9b579aa71dae73d7797bf20a7fbf92805245b2bbaa9f77534cb90c028c47',	'[\"*\"]',	'2025-04-07 10:10:31',	30,	'App\\Models\\User',	'2025-04-07 10:10:31',	'2025-04-07 10:10:31'),
(322,	'token',	'cbcefe7eef266a37f44be3eb0dd546e8249eb39a1fd731f2fdcd950ad074d5a7',	'[\"*\"]',	'2025-04-07 10:43:18',	23,	'App\\Models\\User',	'2025-04-07 10:43:18',	'2025-04-07 10:43:18'),
(323,	'token',	'dc98690881af97a6bd663b6caf543a6b69d05016813564253cad03eb504faff3',	'[\"*\"]',	'2025-04-07 10:57:26',	30,	'App\\Models\\User',	'2025-04-07 10:57:26',	'2025-04-07 10:57:26'),
(324,	'token',	'6f66d457c540af3312e8a3316a2d8518d85949004df54580ab8013602f17073d',	'[\"*\"]',	'2025-04-07 10:59:28',	30,	'App\\Models\\User',	'2025-04-07 10:59:28',	'2025-04-07 10:59:28'),
(325,	'token',	'b80a025f9c89f5ff9fc64fe283e77528c95fb8330181ee850afd1211ff0004bc',	'[\"*\"]',	'2025-04-07 11:00:47',	30,	'App\\Models\\User',	'2025-04-07 11:00:47',	'2025-04-07 11:00:47'),
(326,	'token',	'5c1ea1917b93352d189acd766d8cdc6e38b8696fd1a98c216f64ebd747f5024c',	'[\"*\"]',	'2025-04-07 12:49:47',	23,	'App\\Models\\User',	'2025-04-07 12:49:47',	'2025-04-07 12:49:47'),
(327,	'token',	'01cd2bb37add737c68d40cdcf928661f6452ed9debbaf07eefc965079ec065f6',	'[\"*\"]',	'2025-04-07 12:54:51',	23,	'App\\Models\\User',	'2025-04-07 12:54:51',	'2025-04-07 12:54:51'),
(328,	'token',	'a2e24344ec15810a95a052da8828965fc499e387c56ae36994376c3dd8393230',	'[\"*\"]',	'2025-04-07 13:09:59',	23,	'App\\Models\\User',	'2025-04-07 13:09:59',	'2025-04-07 13:09:59'),
(329,	'token',	'796f74ae5e71a5d1930e993d201678a0474800af9a487246bdd60592285df642',	'[\"*\"]',	'2025-04-07 16:09:18',	23,	'App\\Models\\User',	'2025-04-07 16:09:18',	'2025-04-07 16:09:18'),
(330,	'token',	'567dacaf7739edecdb233780608a75b1e53abcd5fd7a7ccab9236e98c45b35f4',	'[\"*\"]',	'2025-04-07 16:12:44',	23,	'App\\Models\\User',	'2025-04-07 16:12:44',	'2025-04-07 16:12:44'),
(331,	'token',	'4f7734e50ea4826e4e9a7b9f156dbb717a966eb4f96cc729c4a78555dcd22a0c',	'[\"*\"]',	'2025-04-07 16:23:52',	23,	'App\\Models\\User',	'2025-04-07 16:23:52',	'2025-04-07 16:23:52'),
(332,	'token',	'240fc1f392a16209d5a5afa6c3abd3c307011e97b4be870cd8b1f00d9dd50da4',	'[\"*\"]',	'2025-04-07 16:37:41',	23,	'App\\Models\\User',	'2025-04-07 16:37:41',	'2025-04-07 16:37:41'),
(333,	'token',	'b31e9d04d177c9509c5526680c7e09a52225aa7b00a8df8c88afebe8cb6dea1a',	'[\"*\"]',	'2025-04-08 06:06:32',	23,	'App\\Models\\User',	'2025-04-08 06:06:32',	'2025-04-08 06:06:32'),
(334,	'token',	'8977aafb583eecedc40c30173dff5fb46623dedbf432dff5feceacbb0055890f',	'[\"*\"]',	'2025-04-08 06:11:08',	23,	'App\\Models\\User',	'2025-04-08 06:11:08',	'2025-04-08 06:11:08'),
(335,	'token',	'5e754828456f6b0be488bb8ee3c7e58a8cd7252391ca71613941b0182e101676',	'[\"*\"]',	'2025-04-08 06:11:29',	23,	'App\\Models\\User',	'2025-04-08 06:11:29',	'2025-04-08 06:11:29'),
(336,	'token',	'903a8f08a24e649ac9791a65fd61e360cde2878748e4744a78c0bacce745ace0',	'[\"*\"]',	'2025-04-09 05:54:04',	23,	'App\\Models\\User',	'2025-04-09 05:54:04',	'2025-04-09 05:54:04'),
(337,	'token',	'4961ca23c90124b87697ba3ee1b861cc5b1d8f75a9f0b4bd680b675581fd708b',	'[\"*\"]',	'2025-04-09 05:56:56',	23,	'App\\Models\\User',	'2025-04-09 05:56:56',	'2025-04-09 05:56:56'),
(338,	'token',	'1e70c6e020fbe2fc40e1e30f52923cf004e3908bdbbc5791dc5f589bd4b6e30b',	'[\"*\"]',	'2025-04-09 05:57:43',	23,	'App\\Models\\User',	'2025-04-09 05:57:43',	'2025-04-09 05:57:43'),
(339,	'token',	'cb7eed88b77a19eb6f1e142f80c08064d3f0e311d61de7f43f8ac3204e2636f4',	'[\"*\"]',	'2025-04-09 05:58:07',	23,	'App\\Models\\User',	'2025-04-09 05:58:07',	'2025-04-09 05:58:07'),
(340,	'token',	'd38e88ae5bc26da77a3df130368b1c484f12564fa3526ba9cdf05cce28e88a22',	'[\"*\"]',	'2025-04-09 06:00:29',	23,	'App\\Models\\User',	'2025-04-09 06:00:29',	'2025-04-09 06:00:29'),
(341,	'token',	'ebab97b5ffa10489b4e39469a97b97cb8ce68c8ce490f494c5a3eac8237838b2',	'[\"*\"]',	'2025-04-09 06:04:23',	23,	'App\\Models\\User',	'2025-04-09 06:04:23',	'2025-04-09 06:04:23'),
(342,	'token',	'7abe62ada3c4b0a528aa713ea7354f2d3e3b4cdba6b09b6298ea170874b9d99c',	'[\"*\"]',	'2025-04-09 06:32:14',	23,	'App\\Models\\User',	'2025-04-09 06:32:14',	'2025-04-09 06:32:14'),
(343,	'token',	'6a4f66d408f364a706da9b653cd756220f1c771386f6af823d9201bd03d12374',	'[\"*\"]',	'2025-04-09 06:44:38',	23,	'App\\Models\\User',	'2025-04-09 06:44:38',	'2025-04-09 06:44:38'),
(344,	'token',	'3a6edcac442185b18714cb4500ba02567f80722b4c9e09ec63445e100bef2248',	'[\"*\"]',	'2025-04-09 06:46:07',	23,	'App\\Models\\User',	'2025-04-09 06:46:07',	'2025-04-09 06:46:07'),
(345,	'token',	'd4a140db7460134fb191fb4f898d7518fa98d28e3a8c19abba4ce4eab0182193',	'[\"*\"]',	'2025-04-09 07:08:01',	23,	'App\\Models\\User',	'2025-04-09 07:08:01',	'2025-04-09 07:08:01'),
(346,	'token',	'713c28fea66e94e135fc807a4a1b0420062138c604d262687062593ee3b4235e',	'[\"*\"]',	'2025-04-09 07:20:41',	23,	'App\\Models\\User',	'2025-04-09 07:20:41',	'2025-04-09 07:20:41'),
(347,	'token',	'580d3a11e95d7601cedd6a15d51d9286a0e4a94bc9cedfc130d12bacb8e1c427',	'[\"*\"]',	'2025-04-09 08:21:32',	23,	'App\\Models\\User',	'2025-04-09 08:21:32',	'2025-04-09 08:21:32'),
(348,	'token',	'9f827f00340c599d0d17d730cdf80b7c7db5c120d56988046bff2dbd321ff2cc',	'[\"*\"]',	'2025-04-09 09:10:30',	23,	'App\\Models\\User',	'2025-04-09 09:10:30',	'2025-04-09 09:10:30'),
(349,	'token',	'509bfad9c1044827e6867e76f148e112cb4009f63c201451e14cfd75ddbb921c',	'[\"*\"]',	'2025-04-10 06:35:28',	17,	'App\\Models\\User',	'2025-04-10 06:35:28',	'2025-04-10 06:35:28'),
(350,	'token',	'1ab6dfa84483964b2963d8d6c798fbb09d02aa25606c888dd616f284ba0432c6',	'[\"*\"]',	'2025-04-10 07:03:33',	17,	'App\\Models\\User',	'2025-04-10 07:03:33',	'2025-04-10 07:03:33'),
(351,	'token',	'924333485e9fd4c88ac1f80880a7bb1fa799acacc294fa4064033ceee60a2c5f',	'[\"*\"]',	'2025-04-10 09:17:17',	17,	'App\\Models\\User',	'2025-04-10 09:17:17',	'2025-04-10 09:17:17'),
(352,	'token',	'0f89459253804415c1ca30e24e798352501caac953587745ffc2b1919b5d13fc',	'[\"*\"]',	'2025-04-10 11:19:27',	23,	'App\\Models\\User',	'2025-04-10 11:19:27',	'2025-04-10 11:19:27'),
(353,	'token',	'eb050887ed909eddb80a523f0dd404a16056ad21527586387c36e7c858dba725',	'[\"*\"]',	'2025-04-10 14:55:42',	23,	'App\\Models\\User',	'2025-04-10 14:55:42',	'2025-04-10 14:55:42'),
(354,	'token',	'b936be2cd39453df4027aa72d7ec82f3a90ad27bc0f8a33f5867554a9e117367',	'[\"*\"]',	'2025-04-11 05:54:25',	23,	'App\\Models\\User',	'2025-04-11 05:54:25',	'2025-04-11 05:54:25'),
(355,	'token',	'61d18b37d57493caa0dd73e80868845b79623659c0ffab608205fa9ef64f4f5f',	'[\"*\"]',	'2025-04-11 06:01:00',	23,	'App\\Models\\User',	'2025-04-11 06:01:00',	'2025-04-11 06:01:00'),
(356,	'token',	'91044bd3210113c607c772e8a2a9d6bd8d960e95f2161c08523965dc4b6a30bd',	'[\"*\"]',	'2025-04-11 06:07:14',	23,	'App\\Models\\User',	'2025-04-11 06:07:14',	'2025-04-11 06:07:14'),
(357,	'token',	'f579dd9768695fdeaf81d78a9422d792d925fc11e982139f16f75497b8cc0e0d',	'[\"*\"]',	'2025-04-11 06:59:23',	23,	'App\\Models\\User',	'2025-04-11 06:59:23',	'2025-04-11 06:59:23'),
(358,	'token',	'e5bd4557b95c3903ec8e7f7b75ccf7b8ce6ae3cfaa21d75c39699f0c75772f69',	'[\"*\"]',	'2025-04-11 08:01:56',	23,	'App\\Models\\User',	'2025-04-11 08:01:56',	'2025-04-11 08:01:56'),
(359,	'token',	'4e746aefaa12b286bbb6f577c680310ff995dae538af874b2dbf3aeaf9286912',	'[\"*\"]',	'2025-04-13 11:27:03',	23,	'App\\Models\\User',	'2025-04-13 11:27:03',	'2025-04-13 11:27:03'),
(360,	'token',	'1d115538d9a7e00decbeac36569388b781bc9bda17a163f5f67e1d3c84e33ba1',	'[\"*\"]',	'2025-04-13 11:31:13',	23,	'App\\Models\\User',	'2025-04-13 11:31:13',	'2025-04-13 11:31:13'),
(361,	'token',	'94523178425f42300058449e213a9473afc9c143fd85fea8c9346954fe9d1830',	'[\"*\"]',	'2025-04-13 19:48:37',	23,	'App\\Models\\User',	'2025-04-13 19:48:37',	'2025-04-13 19:48:37'),
(362,	'token',	'd6cd65c43cb374fd47b584ca1dc91b42440af119558b7e1d5b2545cec0b22585',	'[\"*\"]',	'2025-04-14 06:14:28',	23,	'App\\Models\\User',	'2025-04-14 06:14:28',	'2025-04-14 06:14:28'),
(363,	'token',	'3bba2544e897e018c6714f44bb347f1e4562826857dcad3cc8549d337d9ffa45',	'[\"*\"]',	'2025-04-14 06:21:25',	23,	'App\\Models\\User',	'2025-04-14 06:21:25',	'2025-04-14 06:21:25'),
(364,	'token',	'107a90e21c18dfc41f20edb0e086824ca05daf66081fb5a9034750e0f755ffbf',	'[\"*\"]',	'2025-04-14 06:22:47',	23,	'App\\Models\\User',	'2025-04-14 06:22:47',	'2025-04-14 06:22:47'),
(365,	'token',	'988f31d75933f68861bb117fcd62b8fc51ae3dd893c2c6b90a150eee1ec8397c',	'[\"*\"]',	'2025-04-14 06:32:41',	23,	'App\\Models\\User',	'2025-04-14 06:32:41',	'2025-04-14 06:32:41'),
(366,	'token',	'968256e5a71346e5e1c2d068dd964fe163ff23028dca6b355ef251d1794a0155',	'[\"*\"]',	'2025-04-14 06:42:35',	23,	'App\\Models\\User',	'2025-04-14 06:42:35',	'2025-04-14 06:42:35'),
(367,	'token',	'3fd489f194e33f60f6571d3052cb1e9be9fd83970fe57e8d262a8e2aed26db59',	'[\"*\"]',	'2025-04-14 08:55:56',	23,	'App\\Models\\User',	'2025-04-14 08:55:56',	'2025-04-14 08:55:56'),
(368,	'token',	'eecb8ee2ec1135160ea5b9ad5bcfba08759fd218cfcf2b7d7cc4fd9403463b9f',	'[\"*\"]',	'2025-04-14 08:56:31',	23,	'App\\Models\\User',	'2025-04-14 08:56:31',	'2025-04-14 08:56:31'),
(369,	'token',	'1f053a9795c3a2c18581cd92526f6f73407d64a3f5ba9aa222a9a6de81cd7702',	'[\"*\"]',	'2025-04-14 08:57:24',	23,	'App\\Models\\User',	'2025-04-14 08:57:24',	'2025-04-14 08:57:24'),
(370,	'token',	'389cdc1faa1c3b96297c57be58a05d5cb361721826f171922f8664e2c8562faf',	'[\"*\"]',	'2025-04-14 08:58:42',	23,	'App\\Models\\User',	'2025-04-14 08:58:42',	'2025-04-14 08:58:42'),
(371,	'token',	'2b20d81e29b876f84a1472f8eb2908ffde64bb7207c0d163c86a9bf413ba65c1',	'[\"*\"]',	'2025-04-14 09:39:41',	23,	'App\\Models\\User',	'2025-04-14 09:39:41',	'2025-04-14 09:39:41'),
(372,	'token',	'26e6a15bb3d8a409a77597e1d4cda7dd38e2e59233acb7292b6e19b26834c000',	'[\"*\"]',	'2025-04-14 09:56:25',	23,	'App\\Models\\User',	'2025-04-14 09:56:25',	'2025-04-14 09:56:25'),
(373,	'token',	'd5de8f61137e64a338f9d984a8b468e64b1d0931627984b37d1777b272bf006a',	'[\"*\"]',	'2025-04-14 09:58:06',	23,	'App\\Models\\User',	'2025-04-14 09:58:06',	'2025-04-14 09:58:06'),
(374,	'token',	'a0ac39269dd553a1f4cadc1a102b27e7d4958a5a1133375a024b3a61fc537e2e',	'[\"*\"]',	'2025-04-14 09:58:13',	23,	'App\\Models\\User',	'2025-04-14 09:58:13',	'2025-04-14 09:58:13'),
(375,	'token',	'6b8e70c4e23e5b307e0d7b8646372a257d80815d8292cf35812339615f06b862',	'[\"*\"]',	'2025-04-14 09:58:23',	23,	'App\\Models\\User',	'2025-04-14 09:58:23',	'2025-04-14 09:58:23'),
(376,	'token',	'152b3ab0ab30016bc5d981ca0d3db8260ab3884f8fb6a7e6b25e90620a8decc9',	'[\"*\"]',	'2025-04-14 09:58:30',	23,	'App\\Models\\User',	'2025-04-14 09:58:30',	'2025-04-14 09:58:30'),
(377,	'token',	'04a1c2ad91945b85dac4393681d19cc4cdec01da79a397b0e5369a317dc8333b',	'[\"*\"]',	'2025-04-14 09:58:55',	23,	'App\\Models\\User',	'2025-04-14 09:58:55',	'2025-04-14 09:58:55'),
(378,	'token',	'38de12e0f2ddbb2afdfc2e6ad6387af9ce8d9bc16409ca3e1731a1081ba0f356',	'[\"*\"]',	'2025-04-14 10:00:37',	23,	'App\\Models\\User',	'2025-04-14 10:00:37',	'2025-04-14 10:00:37'),
(379,	'token',	'e781f24b919481d134cc40ba7e110477794d295754ba67b65dd27f3a76e6bd38',	'[\"*\"]',	'2025-04-14 10:02:28',	23,	'App\\Models\\User',	'2025-04-14 10:02:28',	'2025-04-14 10:02:28'),
(380,	'token',	'eb43683080dbebbce92391c9796f3c1dad9ff03517f75362aca6337a20921bb6',	'[\"*\"]',	'2025-04-14 10:12:49',	23,	'App\\Models\\User',	'2025-04-14 10:12:49',	'2025-04-14 10:12:49'),
(381,	'token',	'45b17848ba333613f566155e40de7a28628c78e014f98bda2dbdc26dd6293219',	'[\"*\"]',	'2025-04-14 10:56:19',	23,	'App\\Models\\User',	'2025-04-14 10:56:19',	'2025-04-14 10:56:19'),
(382,	'token',	'17856c01b038efbfc3e662c3371063d8638d85c74b3156c77eeec1c8c9c9705a',	'[\"*\"]',	'2025-04-14 13:59:46',	23,	'App\\Models\\User',	'2025-04-14 13:59:46',	'2025-04-14 13:59:46'),
(383,	'token',	'442c3101aedc210ca5ad46b48850a4839abf0c0c873364c8ba6fc6b7c6d2f5aa',	'[\"*\"]',	'2025-04-14 14:10:06',	23,	'App\\Models\\User',	'2025-04-14 14:10:06',	'2025-04-14 14:10:06'),
(384,	'token',	'85aa357c68c0d868f7039e000993c842af8fca1a72af983c92972c393d44a6d1',	'[\"*\"]',	'2025-04-14 14:27:49',	23,	'App\\Models\\User',	'2025-04-14 14:27:49',	'2025-04-14 14:27:49'),
(385,	'token',	'ed651dd0fe78bf781d9060d4c6f8e30a4b7826de7cb33b9daeee966301b13347',	'[\"*\"]',	'2025-04-14 16:11:40',	23,	'App\\Models\\User',	'2025-04-14 16:11:40',	'2025-04-14 16:11:40'),
(386,	'token',	'684cdd56fe019c9d334ab757c598c61b64a84e3fe4eb7c77df786e819bcc3b4c',	'[\"*\"]',	'2025-04-14 18:41:27',	23,	'App\\Models\\User',	'2025-04-14 18:41:27',	'2025-04-14 18:41:27'),
(387,	'token',	'32e4b85ca884c41fed634f79375a8948a281de2f862c0851fd1eac0572990f51',	'[\"*\"]',	'2025-04-14 18:50:21',	23,	'App\\Models\\User',	'2025-04-14 18:50:21',	'2025-04-14 18:50:21'),
(388,	'token',	'6c6be7f090ccea68971bfee804d2441992f130808518d6b85dc55f2ce5da5979',	'[\"*\"]',	'2025-04-14 18:52:30',	23,	'App\\Models\\User',	'2025-04-14 18:52:30',	'2025-04-14 18:52:30'),
(389,	'token',	'e16058ffaced666eb145ceeb670459ee8a8f7db7acdec1a3057caf8d34f5c6d5',	'[\"*\"]',	'2025-04-14 19:04:18',	23,	'App\\Models\\User',	'2025-04-14 19:04:18',	'2025-04-14 19:04:18'),
(390,	'token',	'27536ff46a09e4da710614f02161eea969b6b362d549fe9f0c21526cb4ba3e53',	'[\"*\"]',	'2025-04-14 19:07:58',	23,	'App\\Models\\User',	'2025-04-14 19:07:58',	'2025-04-14 19:07:58'),
(391,	'token',	'0af0b9348aa3c66c400c31eacca5e17862f4a140e84d11cded600912e3cc41ea',	'[\"*\"]',	'2025-04-14 19:11:47',	23,	'App\\Models\\User',	'2025-04-14 19:11:47',	'2025-04-14 19:11:47'),
(392,	'token',	'46a1f4fdb0efbfc8e60212490e2d55550b13f69af8367c1981af0f617940aa33',	'[\"*\"]',	'2025-04-14 19:31:54',	23,	'App\\Models\\User',	'2025-04-14 19:31:54',	'2025-04-14 19:31:54'),
(393,	'token',	'cb93ade6b9b78992e6b3e50faf816722e20f865f0475628508f28a4b89397cb0',	'[\"*\"]',	'2025-04-14 19:32:23',	23,	'App\\Models\\User',	'2025-04-14 19:32:23',	'2025-04-14 19:32:23'),
(394,	'token',	'4c0b57e4be799f057a19b86867204dcca8fb45033165a740288fa3a0c45fa117',	'[\"*\"]',	'2025-04-14 19:32:40',	23,	'App\\Models\\User',	'2025-04-14 19:32:40',	'2025-04-14 19:32:40'),
(395,	'token',	'd4bf483939064929a689cab54ded884e4a2ac7a1f1e5904a03ced2e87e34c59b',	'[\"*\"]',	'2025-04-14 19:47:15',	23,	'App\\Models\\User',	'2025-04-14 19:47:15',	'2025-04-14 19:47:15'),
(396,	'token',	'0ebdf91d7750bd8d4df62d46841694ca8be3208339f3eafdaa47a36c7154121d',	'[\"*\"]',	'2025-04-14 19:47:43',	23,	'App\\Models\\User',	'2025-04-14 19:47:43',	'2025-04-14 19:47:43'),
(397,	'token',	'836b88b4b1746253cc879d8797d94d00fedcb03e6519fbb53a97122a301cfe80',	'[\"*\"]',	'2025-04-14 19:48:08',	23,	'App\\Models\\User',	'2025-04-14 19:48:08',	'2025-04-14 19:48:08'),
(398,	'token',	'178e75385ec8860d2169079dc7ab8d3af1bd80da9a367b2b0db853db32d2ec4c',	'[\"*\"]',	'2025-04-14 19:51:54',	23,	'App\\Models\\User',	'2025-04-14 19:51:54',	'2025-04-14 19:51:54'),
(399,	'token',	'3e8157cafddbd94fe1d03ac3fe31f38effe032ea9be575dab056b87cf97427d9',	'[\"*\"]',	'2025-04-14 20:36:50',	23,	'App\\Models\\User',	'2025-04-14 20:36:50',	'2025-04-14 20:36:50'),
(400,	'token',	'031ac61e227a23a02e10a1340154b1ca04f2c949bf554d067fc5ff2b1bca4738',	'[\"*\"]',	'2025-04-14 20:41:05',	23,	'App\\Models\\User',	'2025-04-14 20:41:05',	'2025-04-14 20:41:05'),
(401,	'token',	'82095a64329eb9b3c4a7b60ee3a8ec48b75936053c6390fc29d015121d60a0fe',	'[\"*\"]',	'2025-04-14 21:01:59',	23,	'App\\Models\\User',	'2025-04-14 21:01:59',	'2025-04-14 21:01:59'),
(402,	'token',	'4524e0cf34df99689f23578f5e3a43750b7a9b7ff18f061aa1441c158e68c9a1',	'[\"*\"]',	'2025-04-14 21:11:40',	23,	'App\\Models\\User',	'2025-04-14 21:11:40',	'2025-04-14 21:11:40'),
(403,	'token',	'570756074b6dfef672d31b080c54ccd85c77f9afea250363fac7cdb25697169f',	'[\"*\"]',	'2025-04-14 21:14:08',	23,	'App\\Models\\User',	'2025-04-14 21:14:08',	'2025-04-14 21:14:08'),
(404,	'token',	'a85076a599290939de9cd8aa421a24dc43756643ca9a1e337121d8f97e0e402a',	'[\"*\"]',	'2025-04-14 21:30:14',	30,	'App\\Models\\User',	'2025-04-14 21:30:14',	'2025-04-14 21:30:14'),
(405,	'token',	'84fbadc9bbc9268f1c3eee688b19554ac7bc73716c226b1ff535003d0d2c454b',	'[\"*\"]',	'2025-04-14 21:31:58',	23,	'App\\Models\\User',	'2025-04-14 21:31:58',	'2025-04-14 21:31:58'),
(406,	'token',	'15b24f20f077af6ce7d21b5c7618b51badc0bf3b2560b3dc0a2eda4a1f61fafd',	'[\"*\"]',	'2025-04-14 21:46:29',	30,	'App\\Models\\User',	'2025-04-14 21:46:29',	'2025-04-14 21:46:29'),
(407,	'token',	'a3f80cce9f4baa02d41f64625b78e469e37e8778dd622221cc61cef430b8eb16',	'[\"*\"]',	'2025-04-14 21:46:44',	30,	'App\\Models\\User',	'2025-04-14 21:46:44',	'2025-04-14 21:46:44'),
(408,	'token',	'6721cd1be2dc9f91d1d917c7d675f3197b0e65e4dda64ed193b69da5ddf25e03',	'[\"*\"]',	'2025-04-14 21:46:52',	30,	'App\\Models\\User',	'2025-04-14 21:46:52',	'2025-04-14 21:46:52'),
(409,	'token',	'f38574622bb8b1ad907d165945721c518bfa459a6b3c26a3bf05217b2ac2641a',	'[\"*\"]',	'2025-04-14 21:51:42',	30,	'App\\Models\\User',	'2025-04-14 21:51:42',	'2025-04-14 21:51:42'),
(410,	'token',	'56044847be3545aac0a231474ae0d1ab7234c5873a426f69ac4e1d02389b7b7a',	'[\"*\"]',	'2025-04-14 21:52:50',	30,	'App\\Models\\User',	'2025-04-14 21:52:50',	'2025-04-14 21:52:50'),
(411,	'token',	'cd0161f208f1b205a0465052d13dc369d5d3a4e83970628720c66c15308b18b0',	'[\"*\"]',	'2025-04-14 21:52:54',	30,	'App\\Models\\User',	'2025-04-14 21:52:54',	'2025-04-14 21:52:54'),
(412,	'token',	'9a12b4a072de1f31ecf0c75e55c02d639f60b0b665f65e7c2579752e0af86198',	'[\"*\"]',	'2025-04-14 21:53:50',	23,	'App\\Models\\User',	'2025-04-14 21:53:50',	'2025-04-14 21:53:50'),
(413,	'token',	'a5de5d9b1b43c5b762b132cb6cf00a87546deff82ed3111c201b58759b66cac0',	'[\"*\"]',	'2025-04-14 21:55:12',	23,	'App\\Models\\User',	'2025-04-14 21:55:12',	'2025-04-14 21:55:12'),
(414,	'token',	'0910812416d2916223b1592fd78f824db82b5d246565efd1f21bef2fa5954196',	'[\"*\"]',	'2025-04-14 21:56:25',	30,	'App\\Models\\User',	'2025-04-14 21:56:25',	'2025-04-14 21:56:25'),
(415,	'token',	'fa9043915350182a48e4077f039c5db41a6c53a9b08373d397a25124f1ed083f',	'[\"*\"]',	'2025-04-14 21:58:54',	30,	'App\\Models\\User',	'2025-04-14 21:58:54',	'2025-04-14 21:58:54'),
(416,	'token',	'8b244ae1a856261e4e9fdb3b8f92e583b07ebcc0567cb4ced837cdd5232d6a79',	'[\"*\"]',	'2025-04-14 21:59:54',	30,	'App\\Models\\User',	'2025-04-14 21:59:54',	'2025-04-14 21:59:54'),
(417,	'token',	'21076c604d3339292d83b76ee0011e4b44dd117a6763340df25452d388ad2c56',	'[\"*\"]',	'2025-04-14 22:04:51',	30,	'App\\Models\\User',	'2025-04-14 22:04:51',	'2025-04-14 22:04:51'),
(418,	'token',	'03a4278cb7b519048fe820f5310a2e5b01a33c85b76c933b6400106451add4a1',	'[\"*\"]',	'2025-04-14 22:05:08',	23,	'App\\Models\\User',	'2025-04-14 22:05:08',	'2025-04-14 22:05:08'),
(419,	'token',	'2174d5a10513a12814b9644e27d96ed9b33fd67d9cd378f2b8288a1a514d12e0',	'[\"*\"]',	'2025-04-14 22:33:38',	23,	'App\\Models\\User',	'2025-04-14 22:33:38',	'2025-04-14 22:33:38'),
(420,	'token',	'6cbf6c2fd42ea39b3fae240bedbee85c4bb35ce6f3e7505f5c2da35d68890606',	'[\"*\"]',	'2025-04-14 22:33:46',	23,	'App\\Models\\User',	'2025-04-14 22:33:46',	'2025-04-14 22:33:46'),
(421,	'token',	'899687693d431c8ed2ed4e6dad1222dcf37279286073a2a89f77f23f4a17edda',	'[\"*\"]',	'2025-04-14 22:35:09',	23,	'App\\Models\\User',	'2025-04-14 22:35:09',	'2025-04-14 22:35:09'),
(422,	'token',	'98c4ed8b1bfea347256c722f3f3df81b7ae1bbd76f39eb0db5d86cf41cdbc704',	'[\"*\"]',	'2025-04-14 22:51:18',	23,	'App\\Models\\User',	'2025-04-14 22:51:18',	'2025-04-14 22:51:18'),
(423,	'token',	'a487a09154c7795150c4315d5e91d3bf0a1048940c391c603e8e464704017815',	'[\"*\"]',	'2025-04-14 22:52:35',	23,	'App\\Models\\User',	'2025-04-14 22:52:35',	'2025-04-14 22:52:35'),
(424,	'token',	'd872d48f24fcce48b37802a61e8b00ad6abc3beae3deeb345e8316608bfd4857',	'[\"*\"]',	'2025-04-14 22:52:39',	23,	'App\\Models\\User',	'2025-04-14 22:52:39',	'2025-04-14 22:52:39'),
(425,	'token',	'277b61d65a95271f5f4a588d5713297bf01f3116e7d22107ee96d5464b348897',	'[\"*\"]',	'2025-04-14 22:53:14',	23,	'App\\Models\\User',	'2025-04-14 22:53:14',	'2025-04-14 22:53:14'),
(426,	'token',	'bbf9bf32027ec968bb3b6e8fe0c4a22965042dcac659f8e42fc227fe4c7ac19b',	'[\"*\"]',	'2025-04-14 22:53:21',	23,	'App\\Models\\User',	'2025-04-14 22:53:21',	'2025-04-14 22:53:21'),
(427,	'token',	'97d258b08635788d5459a91e24d2eb4d24005c150c5afd5a3d3e8afd75e44a3d',	'[\"*\"]',	'2025-04-14 22:53:44',	23,	'App\\Models\\User',	'2025-04-14 22:53:44',	'2025-04-14 22:53:44'),
(428,	'token',	'5cce405471ed0a51f63aabfb0d161b1430baca7f2e5a808034193412a55098de',	'[\"*\"]',	'2025-04-14 22:54:56',	23,	'App\\Models\\User',	'2025-04-14 22:54:56',	'2025-04-14 22:54:56'),
(429,	'token',	'46d176e3076fdab189d78fbb82a4c375ecf284890b0290022cb9911e8f6e26e6',	'[\"*\"]',	'2025-04-14 22:55:05',	23,	'App\\Models\\User',	'2025-04-14 22:55:05',	'2025-04-14 22:55:05'),
(430,	'token',	'2baf30c998165db6885ef6d9637f3a5441b32cb1bbe92f1ed913055e1846850d',	'[\"*\"]',	'2025-04-14 22:55:26',	23,	'App\\Models\\User',	'2025-04-14 22:55:26',	'2025-04-14 22:55:26'),
(431,	'token',	'2839bd4e1419f51d398cecf538c6e6ceb0227748e843925c1e50b99a87810d94',	'[\"*\"]',	'2025-04-14 22:55:37',	23,	'App\\Models\\User',	'2025-04-14 22:55:37',	'2025-04-14 22:55:37'),
(432,	'token',	'b6809fc5c4e630523e1d44e93c891120cb0cc2789be18f1bd06d43a387dea54d',	'[\"*\"]',	'2025-04-14 22:56:22',	23,	'App\\Models\\User',	'2025-04-14 22:56:22',	'2025-04-14 22:56:22'),
(433,	'token',	'acfd1c48d299dfc916c48a712597ebc24eaf1a476c140e56fb30f060135d899e',	'[\"*\"]',	'2025-04-14 23:04:05',	30,	'App\\Models\\User',	'2025-04-14 23:04:05',	'2025-04-14 23:04:05'),
(434,	'token',	'2da703f7fc63d5dbded5f5c728c477a2cb9067e8f8849ca38c173961c8f9ec84',	'[\"*\"]',	'2025-04-14 23:04:22',	23,	'App\\Models\\User',	'2025-04-14 23:04:22',	'2025-04-14 23:04:22'),
(435,	'token',	'58222af81d8c1cfcc73ff4c0bf9f25c799d22a933fdeef40623e41801f8ea5da',	'[\"*\"]',	'2025-04-14 23:04:56',	23,	'App\\Models\\User',	'2025-04-14 23:04:56',	'2025-04-14 23:04:56'),
(436,	'token',	'1fd5c813d73ff9238159c7f87f52599d8ff451ee90ff33456d327670476c46d2',	'[\"*\"]',	'2025-04-14 23:05:24',	23,	'App\\Models\\User',	'2025-04-14 23:05:24',	'2025-04-14 23:05:24'),
(437,	'token',	'0309d6d27f240987fc8ab9b3e6cdda580396bf89aa4e8de710b5c1c0925b576d',	'[\"*\"]',	'2025-04-14 23:06:15',	23,	'App\\Models\\User',	'2025-04-14 23:06:15',	'2025-04-14 23:06:15'),
(438,	'token',	'f55f6d5b558e62d682f03527b7a8251f64e76c546a9ea617e32514c777b57648',	'[\"*\"]',	'2025-04-14 23:06:33',	23,	'App\\Models\\User',	'2025-04-14 23:06:33',	'2025-04-14 23:06:33'),
(439,	'token',	'6bd7b97432bcd6cddd61ab31d63fd1abe9037b9d2e5ac5b886d2a8a737018f12',	'[\"*\"]',	'2025-04-14 23:07:41',	23,	'App\\Models\\User',	'2025-04-14 23:07:41',	'2025-04-14 23:07:41'),
(440,	'token',	'16f0bc3ca8030ddedbaf8046380bf37642e3fef79b7d83e0e776fc12b2ce4998',	'[\"*\"]',	'2025-04-14 23:47:33',	23,	'App\\Models\\User',	'2025-04-14 23:47:33',	'2025-04-14 23:47:33'),
(441,	'token',	'92c893020b87fc5686f62900d9e09cf9082aafaf2e794cfbdcae8b06e1e69c2e',	'[\"*\"]',	'2025-04-15 04:48:53',	23,	'App\\Models\\User',	'2025-04-15 04:48:53',	'2025-04-15 04:48:53'),
(442,	'token',	'900419011d168b87b9454a0bcd3f18486d55d803e125853ae5334f01dd052780',	'[\"*\"]',	'2025-04-15 04:53:22',	23,	'App\\Models\\User',	'2025-04-15 04:53:22',	'2025-04-15 04:53:22'),
(443,	'token',	'b8041d188d275aa05d8ec213d5f110f9a44130b88ff4966c5ffdf806aaf6b702',	'[\"*\"]',	'2025-04-15 06:05:33',	23,	'App\\Models\\User',	'2025-04-15 06:05:33',	'2025-04-15 06:05:33'),
(444,	'token',	'2bf3898999ff8232e9ff5db2dcdcc1feafe1122a0bd553e8f5b5c48ce12ebe08',	'[\"*\"]',	'2025-04-15 06:14:14',	23,	'App\\Models\\User',	'2025-04-15 06:14:14',	'2025-04-15 06:14:14'),
(445,	'token',	'200c24184b12bacac666994deb88c8019b714ed81056bc3a2b9392dc6a0dd860',	'[\"*\"]',	'2025-04-15 06:26:35',	23,	'App\\Models\\User',	'2025-04-15 06:26:35',	'2025-04-15 06:26:35'),
(446,	'token',	'37a57925d2a487d25bdc5fca4ca51108f9e70202cd6e6a04f2fef92b32214ff5',	'[\"*\"]',	'2025-04-15 06:52:06',	23,	'App\\Models\\User',	'2025-04-15 06:52:06',	'2025-04-15 06:52:06'),
(447,	'token',	'b86fa1d721d9b76018f412a3510883054ebd76cb644f37977d58d49c5f1eb685',	'[\"*\"]',	'2025-04-15 07:17:50',	23,	'App\\Models\\User',	'2025-04-15 07:17:50',	'2025-04-15 07:17:50'),
(448,	'token',	'823824b26e37c1343fdc1f6efa37b3cfa2e1c6fed4b17571bc3d84712b5219d3',	'[\"*\"]',	'2025-04-15 07:18:35',	23,	'App\\Models\\User',	'2025-04-15 07:18:35',	'2025-04-15 07:18:35'),
(449,	'token',	'8dd82e752eeaa80ae9e8190c7ba5f17a714732e4c043131d458b8fdd8ce9b14c',	'[\"*\"]',	'2025-04-15 07:19:21',	23,	'App\\Models\\User',	'2025-04-15 07:19:21',	'2025-04-15 07:19:21'),
(450,	'token',	'326fbc094f534606e535468d4af8874e3fd3099ef9e113129670d66c96cdddb6',	'[\"*\"]',	'2025-04-15 14:01:26',	23,	'App\\Models\\User',	'2025-04-15 14:01:26',	'2025-04-15 14:01:26'),
(451,	'token',	'a57e95af9b0d4585a59a35a2b3e8e7e7f1bf56784181d7fab2583945a4899e25',	'[\"*\"]',	'2025-04-15 14:50:52',	23,	'App\\Models\\User',	'2025-04-15 14:50:52',	'2025-04-15 14:50:52'),
(452,	'token',	'a46374f5d464ab98c6e592280308f9cafd7168f4957d718c7cc00add3ae9fd3a',	'[\"*\"]',	'2025-04-15 14:54:55',	23,	'App\\Models\\User',	'2025-04-15 14:54:55',	'2025-04-15 14:54:55'),
(453,	'token',	'd3e1fdec372b9579a91d4566273be07850b60faeb16f1a1dae429e8c45b87e46',	'[\"*\"]',	'2025-04-15 14:58:51',	23,	'App\\Models\\User',	'2025-04-15 14:58:51',	'2025-04-15 14:58:51'),
(454,	'token',	'8b19926b9d90ed10f09e795c4a13fca6c227f6f838e859e0c898bf99efe85b09',	'[\"*\"]',	'2025-04-15 15:05:23',	23,	'App\\Models\\User',	'2025-04-15 15:05:23',	'2025-04-15 15:05:23'),
(455,	'token',	'a78781b89593ef6405cd7a04addfe88e73db7d55fc217d55fa3534b56f9c3549',	'[\"*\"]',	'2025-04-15 17:30:52',	23,	'App\\Models\\User',	'2025-04-15 17:30:52',	'2025-04-15 17:30:52'),
(456,	'token',	'1e840c850ced03656673f6601d59d7873cffc7534240081086c81bb6699327c1',	'[\"*\"]',	'2025-04-15 17:38:50',	23,	'App\\Models\\User',	'2025-04-15 17:38:50',	'2025-04-15 17:38:50'),
(457,	'token',	'f31f44a672962af2781e772be6d7bc0e26523f68bc58bdec19366cdf18aff804',	'[\"*\"]',	'2025-04-15 20:10:56',	23,	'App\\Models\\User',	'2025-04-15 20:10:56',	'2025-04-15 20:10:56'),
(458,	'token',	'cb75767ea02a58a2159d90b3ba6e86518c65d1083520afe67e5576c16adfe55a',	'[\"*\"]',	'2025-04-15 20:12:33',	23,	'App\\Models\\User',	'2025-04-15 20:12:33',	'2025-04-15 20:12:33'),
(459,	'token',	'55be7c777947014930ede0124f281e3616b4e7f918e3a9405badab54291bf4a9',	'[\"*\"]',	'2025-04-15 20:49:40',	23,	'App\\Models\\User',	'2025-04-15 20:49:40',	'2025-04-15 20:49:40'),
(460,	'token',	'1591f023b95c486759af8f1b8e35de7c2f2ce4ddfb9a6082a14fd83e66052b40',	'[\"*\"]',	'2025-04-15 21:11:46',	23,	'App\\Models\\User',	'2025-04-15 21:11:46',	'2025-04-15 21:11:46'),
(461,	'token',	'3a26b259b5b649d5385dd315b8e9c4ec7580801f00169e1d25afb58f7184279d',	'[\"*\"]',	'2025-04-16 06:08:49',	23,	'App\\Models\\User',	'2025-04-16 06:08:49',	'2025-04-16 06:08:49'),
(462,	'token',	'5f60a22823551e0929ca2bebc690004cc3ccbdfc9b3651684c2be7a26ec0fc48',	'[\"*\"]',	'2025-04-16 06:10:55',	23,	'App\\Models\\User',	'2025-04-16 06:10:55',	'2025-04-16 06:10:55'),
(463,	'token',	'a7abf1e948ccce41a1c3a956aeb5029dc1afd336aaf369ab6c4f1e04539d65a4',	'[\"*\"]',	'2025-04-16 06:25:52',	23,	'App\\Models\\User',	'2025-04-16 06:25:52',	'2025-04-16 06:25:52'),
(464,	'token',	'4f9191b699ae3eeccaf31a236bf6dfa817eb70f3f0fc599eb9cadc58ea3b5039',	'[\"*\"]',	'2025-04-16 07:14:07',	23,	'App\\Models\\User',	'2025-04-16 07:14:07',	'2025-04-16 07:14:07'),
(465,	'token',	'33d3eba9092a1989c485b9855519273bc51a8ac2f80c3bb5683d2296900974a6',	'[\"*\"]',	'2025-04-16 07:18:31',	23,	'App\\Models\\User',	'2025-04-16 07:18:31',	'2025-04-16 07:18:31');

DROP TABLE IF EXISTS `ratings`;
CREATE TABLE `ratings` (
  `id` int(11) NOT NULL AUTO_INCREMENT,
  `rating` double NOT NULL,
  `user_id` int(11) NOT NULL,
  `show_id` int(11) NOT NULL,
  `created_at` timestamp NOT NULL DEFAULT '0000-00-00 00:00:00' ON UPDATE current_timestamp(),
  `updated_at` timestamp NOT NULL DEFAULT '0000-00-00 00:00:00',
  PRIMARY KEY (`id`),
  KEY `user_id` (`user_id`),
  KEY `show_id` (`show_id`),
  CONSTRAINT `ratings_ibfk_3` FOREIGN KEY (`user_id`) REFERENCES `users` (`id`) ON DELETE CASCADE ON UPDATE CASCADE,
  CONSTRAINT `ratings_ibfk_4` FOREIGN KEY (`show_id`) REFERENCES `shows` (`id`) ON DELETE CASCADE ON UPDATE CASCADE
) ENGINE=InnoDB DEFAULT CHARSET=utf8mb3 COLLATE=utf8mb3_general_ci;

INSERT INTO `ratings` (`id`, `rating`, `user_id`, `show_id`, `created_at`, `updated_at`) VALUES
(17,	2.5,	27,	28,	'2025-04-03 10:47:23',	'2025-04-03 10:47:23'),
(18,	5,	23,	28,	'2025-04-14 23:49:20',	'2025-04-14 23:49:20'),
(19,	4,	23,	30,	'2025-04-03 10:47:48',	'2025-04-03 10:47:48'),
(20,	4,	23,	28,	'2025-04-14 07:19:04',	'2025-04-14 07:04:19'),
(268,	3,	23,	52,	'2025-04-14 20:28:32',	'2025-04-14 20:28:32'),
(274,	4.5,	17,	28,	'2025-04-14 08:30:00',	'2025-04-14 08:30:00'),
(275,	4,	27,	28,	'2025-04-14 08:31:00',	'2025-04-14 08:31:00'),
(276,	4.8,	30,	28,	'2025-04-14 08:32:00',	'2025-04-14 08:32:00'),
(277,	4.7,	17,	29,	'2025-04-14 08:33:00',	'2025-04-14 08:33:00'),
(278,	4,	23,	29,	'2025-04-16 07:14:15',	'2025-04-16 07:14:15'),
(279,	4.3,	27,	29,	'2025-04-14 08:35:00',	'2025-04-14 08:35:00'),
(280,	4.6,	30,	29,	'2025-04-14 08:36:00',	'2025-04-14 08:36:00'),
(281,	4.2,	17,	30,	'2025-04-14 08:37:00',	'2025-04-14 08:37:00'),
(282,	4.5,	23,	30,	'2025-04-14 08:38:00',	'2025-04-14 08:38:00'),
(283,	4,	27,	30,	'2025-04-14 08:39:00',	'2025-04-14 08:39:00'),
(284,	4.8,	30,	30,	'2025-04-14 08:40:00',	'2025-04-14 08:40:00'),
(285,	4,	17,	31,	'2025-04-14 08:41:00',	'2025-04-14 08:41:00'),
(286,	4.3,	23,	31,	'2025-04-14 08:42:00',	'2025-04-14 08:42:00'),
(287,	3.8,	27,	31,	'2025-04-14 08:43:00',	'2025-04-14 08:43:00'),
(288,	4.5,	30,	31,	'2025-04-14 08:44:00',	'2025-04-14 08:44:00'),
(289,	4.1,	17,	32,	'2025-04-14 08:45:00',	'2025-04-14 08:45:00'),
(290,	3,	23,	32,	'2025-04-14 15:12:19',	'2025-04-14 15:12:19'),
(291,	3.9,	27,	32,	'2025-04-14 08:47:00',	'2025-04-14 08:47:00'),
(292,	4.6,	30,	32,	'2025-04-14 08:48:00',	'2025-04-14 08:48:00'),
(293,	4.3,	17,	34,	'2025-04-14 08:49:00',	'2025-04-14 08:49:00'),
(294,	4.5,	23,	34,	'2025-04-14 08:50:00',	'2025-04-14 08:50:00'),
(295,	4,	27,	34,	'2025-04-14 08:51:00',	'2025-04-14 08:51:00'),
(296,	4.7,	30,	34,	'2025-04-14 08:52:00',	'2025-04-14 08:52:00'),
(297,	4.8,	17,	35,	'2025-04-14 08:53:00',	'2025-04-14 08:53:00'),
(298,	2,	23,	35,	'2025-04-14 23:48:28',	'2025-04-14 23:48:28'),
(299,	4.5,	27,	35,	'2025-04-14 08:55:00',	'2025-04-14 08:55:00'),
(300,	4.7,	30,	35,	'2025-04-14 08:56:00',	'2025-04-14 08:56:00'),
(301,	4.4,	17,	36,	'2025-04-14 08:57:00',	'2025-04-14 08:57:00'),
(302,	3,	23,	36,	'2025-04-16 07:18:36',	'2025-04-16 07:18:36'),
(303,	4.2,	27,	36,	'2025-04-14 08:59:00',	'2025-04-14 08:59:00'),
(304,	4.5,	30,	36,	'2025-04-14 09:00:00',	'2025-04-14 09:00:00'),
(305,	4.9,	17,	37,	'2025-04-14 09:01:00',	'2025-04-14 09:01:00'),
(306,	5,	23,	37,	'2025-04-15 06:05:59',	'2025-04-15 06:05:59'),
(307,	4.6,	27,	37,	'2025-04-14 09:03:00',	'2025-04-14 09:03:00'),
(308,	4.7,	30,	37,	'2025-04-14 09:04:00',	'2025-04-14 09:04:00'),
(309,	4.7,	17,	38,	'2025-04-14 09:05:00',	'2025-04-14 09:05:00'),
(310,	5,	23,	38,	'2025-04-15 05:48:43',	'2025-04-15 05:48:43'),
(311,	4.5,	27,	38,	'2025-04-14 09:07:00',	'2025-04-14 09:07:00'),
(312,	4.8,	30,	38,	'2025-04-14 09:08:00',	'2025-04-14 09:08:00'),
(313,	4.3,	17,	39,	'2025-04-14 09:09:00',	'2025-04-14 09:09:00'),
(314,	4.5,	23,	39,	'2025-04-14 09:10:00',	'2025-04-14 09:10:00'),
(315,	4,	27,	39,	'2025-04-14 09:11:00',	'2025-04-14 09:11:00'),
(316,	4.6,	30,	39,	'2025-04-14 09:12:00',	'2025-04-14 09:12:00'),
(317,	4.2,	17,	40,	'2025-04-14 09:13:00',	'2025-04-14 09:13:00'),
(318,	4.4,	23,	40,	'2025-04-14 09:14:00',	'2025-04-14 09:14:00'),
(319,	4,	27,	40,	'2025-04-14 09:15:00',	'2025-04-14 09:15:00'),
(320,	4.5,	30,	40,	'2025-04-14 09:16:00',	'2025-04-14 09:16:00'),
(321,	4,	17,	41,	'2025-04-14 09:17:00',	'2025-04-14 09:17:00'),
(322,	4.3,	23,	41,	'2025-04-14 09:18:00',	'2025-04-14 09:18:00'),
(323,	3.9,	27,	41,	'2025-04-14 09:19:00',	'2025-04-14 09:19:00'),
(324,	4.2,	30,	41,	'2025-04-14 09:20:00',	'2025-04-14 09:20:00'),
(325,	4.1,	17,	42,	'2025-04-14 09:21:00',	'2025-04-14 09:21:00'),
(326,	4.3,	23,	42,	'2025-04-14 09:22:00',	'2025-04-14 09:22:00'),
(327,	3.8,	27,	42,	'2025-04-14 09:23:00',	'2025-04-14 09:23:00'),
(328,	4.4,	30,	42,	'2025-04-14 09:24:00',	'2025-04-14 09:24:00'),
(329,	4.5,	17,	43,	'2025-04-14 09:25:00',	'2025-04-14 09:25:00'),
(330,	2,	23,	43,	'2025-04-14 23:49:27',	'2025-04-14 23:49:27'),
(331,	4.2,	27,	43,	'2025-04-14 09:27:00',	'2025-04-14 09:27:00'),
(332,	4.6,	30,	43,	'2025-04-14 09:28:00',	'2025-04-14 09:28:00'),
(333,	4,	17,	44,	'2025-04-14 09:29:00',	'2025-04-14 09:29:00'),
(334,	5,	23,	44,	'2025-04-15 19:04:48',	'2025-04-15 19:04:48'),
(335,	3.9,	27,	44,	'2025-04-14 09:31:00',	'2025-04-14 09:31:00'),
(336,	4.3,	30,	44,	'2025-04-14 09:32:00',	'2025-04-14 09:32:00'),
(341,	4.3,	17,	52,	'2025-04-14 09:37:00',	'2025-04-14 09:37:00'),
(342,	4.5,	23,	52,	'2025-04-14 09:38:00',	'2025-04-14 09:38:00'),
(343,	4.1,	27,	52,	'2025-04-14 09:39:00',	'2025-04-14 09:39:00'),
(344,	4.6,	30,	52,	'2025-04-14 09:40:00',	'2025-04-14 09:40:00');

SET NAMES utf8mb4;

DROP TABLE IF EXISTS `shows`;
CREATE TABLE `shows` (
  `id` int(11) NOT NULL AUTO_INCREMENT,
  `user_id` int(11) NOT NULL,
  `title` varchar(200) NOT NULL,
  `description` text NOT NULL,
  `category` longtext CHARACTER SET utf8mb4 COLLATE utf8mb4_bin DEFAULT NULL CHECK (json_valid(`category`)),
  `type` enum('movie','series') DEFAULT NULL,
  `season` int(11) DEFAULT NULL,
  `episode` int(11) DEFAULT NULL,
  `image_url` text NOT NULL,
  `created_at` timestamp NOT NULL DEFAULT current_timestamp() ON UPDATE current_timestamp(),
  `updated_at` timestamp NOT NULL DEFAULT '0000-00-00 00:00:00',
  PRIMARY KEY (`id`),
  KEY `user_id` (`user_id`),
  CONSTRAINT `shows_ibfk_2` FOREIGN KEY (`user_id`) REFERENCES `users` (`id`) ON DELETE CASCADE ON UPDATE CASCADE
) ENGINE=InnoDB DEFAULT CHARSET=utf8mb3 COLLATE=utf8mb3_general_ci;

INSERT INTO `shows` (`id`, `user_id`, `title`, `description`, `category`, `type`, `season`, `episode`, `image_url`, `created_at`, `updated_at`) VALUES
(28,	23,	'Inception',	'A thief who enters people\'s dreams to steal secrets.',	'[36,1]',	'movie',	1,	0,	'1744179970_Inception.webp',	'2025-04-09 08:07:03',	'2025-04-09 06:30:40'),
(29,	23,	'The Dark Knight',	'Batman faces the Joker, who unleashes chaos in Gotham.',	'[1,4]',	'movie',	1,	0,	'1743416991_The Dark Knight.jpg',	'2025-04-09 08:07:03',	'2025-03-31 10:29:51'),
(30,	23,	'Interstellar',	'A team of explorers travels through a wormhole in space.',	'[36,9]',	'movie',	1,	0,	'1743417084_Interstellar.jpg',	'2025-04-09 08:07:03',	'2025-03-31 10:31:24'),
(31,	23,	'The Matrix',	'A hacker discovers reality is a simulation.',	'[36,1]',	'movie',	1,	0,	'1743417187_The Matrix.jfif',	'2025-04-09 08:07:03',	'2025-03-31 10:33:07'),
(32,	23,	'Fight Club',	'A man starts an underground fight club.',	'[9,26]',	'movie',	1,	0,	'1743417254_Fight Club.webp',	'2025-04-09 08:07:03',	'2025-03-31 10:34:14'),
(34,	23,	'Gladiator',	'A betrayed general seeks revenge in the Roman Empire.',	'[1,9]',	'movie',	1,	0,	'1743417411_Gladiator.jpg',	'2025-04-09 08:07:03',	'2025-03-31 10:36:51'),
(35,	23,	'The Shawshank Redemption',	'A banker is wrongly imprisoned and seeks freedom.',	'[9,4]',	'movie',	1,	0,	'1743417463_The Shawshank Redemption.jfif',	'2025-04-09 08:07:03',	'2025-03-31 10:37:43'),
(36,	23,	'Pulp Fiction',	'Interwoven crime stories unfold in Los Angeles.',	'[4,9]',	'movie',	1,	0,	'1743417523_Pulp Fiction.jpg',	'2025-04-09 08:07:03',	'2025-03-31 10:38:43'),
(37,	23,	'The Godfather',	'A mafia family\'s rise and struggles in America',	'[4,9]',	'movie',	1,	0,	'1743417585_The Godfather.jpg',	'2025-04-09 08:07:03',	'2025-03-31 10:39:45'),
(38,	23,	'Breaking Bad',	'A chemistry teacher turns to cooking meth.',	'[4,9]',	'series',	5,	62,	'1743417701_Breaking Bad.webp',	'2025-04-09 08:07:03',	'2025-03-31 10:41:41'),
(39,	23,	'Game of Thrones',	'Noble families battle for the Iron Throne.',	'[12,21]',	'series',	8,	73,	'1743417763_Game of Thrones.jpg',	'2025-04-09 08:07:03',	'2025-03-31 10:42:43'),
(40,	23,	'Stranger Things',	'Kids uncover supernatural mysteries in their town.',	'[36,19]',	'series',	4,	34,	'1743418069_Stranger Things.jpg',	'2025-04-09 08:07:03',	'2025-03-31 10:47:49'),
(41,	23,	'The Witcher',	'A monster hunter navigates a war-torn world.',	'[12,1]',	'series',	3,	24,	'1743418188_The Witcher.jpg',	'2025-04-09 08:07:03',	'2025-03-31 10:49:48'),
(42,	23,	'Westworld',	'A futuristic amusement park holds dark secrets.',	'[36,26]',	'series',	4,	36,	'1743418267_Westworld.jpg',	'2025-04-09 08:07:03',	'2025-03-31 10:51:07'),
(43,	23,	'The Mandalorian',	'A bounty hunter protects a mysterious child.',	'[36,20]',	'series',	3,	24,	'1743418328_The Mandalorian.jpg',	'2025-04-09 08:07:03',	'2025-03-31 10:52:08'),
(44,	23,	'Black Mirror',	'Anthology exploring dystopian tech futures.',	'[36,20]',	'series',	6,	27,	'1743418390_Black Mirror.jpg',	'2025-04-09 08:07:03',	'2025-03-31 10:53:10'),
(52,	23,	'The Prestige',	'Two rival magicians in 19th-century London engage in a battle of trickery and obsession to create the ultimate illusion.',	'[9,24,26]',	'movie',	0,	0,	'1744014279_The Prestige.jpg',	'2025-04-09 08:07:03',	'2025-04-07 08:24:39');

DROP TABLE IF EXISTS `users`;
CREATE TABLE `users` (
  `id` int(11) NOT NULL AUTO_INCREMENT,
  `name` varchar(255) NOT NULL,
  `email` varchar(255) NOT NULL,
  `email_verified_at` timestamp NULL DEFAULT NULL,
  `password` varchar(255) NOT NULL,
  `created_at` timestamp NULL DEFAULT NULL,
  `updated_at` timestamp NULL DEFAULT NULL,
  PRIMARY KEY (`id`),
  UNIQUE KEY `email` (`email`)
) ENGINE=InnoDB DEFAULT CHARSET=utf8mb4 COLLATE=utf8mb4_unicode_ci;

INSERT INTO `users` (`id`, `name`, `email`, `email_verified_at`, `password`, `created_at`, `updated_at`) VALUES
(17,	'Helyes Megoldás',	'helyesmegoldas@gmail.com',	NULL,	'$2y$12$E6gHA59/NBBbkRz.dEo...aRKH0.XyO3j.zbP7gWE6Gfp6zn6Xp/S',	'2025-02-06 10:39:31',	'2025-02-06 10:39:31'),
(23,	'Teszt Új Backend',	'asdasdasd@gmail.com',	NULL,	'$2y$12$j08azikf7c7dISQlxskbouMCbrH6elBJYI4awkwMUEvL4jkSJSrRO',	'2025-02-26 19:07:53',	'2025-04-15 14:50:47'),
(27,	'Puzsi',	'puzsi19@gmail.hu',	NULL,	'$2y$12$JPT90xSQ.IUn3O4UQoOT6ehezmtSe.xGT6y/26FxHGs4A.6sBNbPC',	'2025-03-25 07:25:30',	'2025-03-25 07:25:30'),
(30,	'Robi',	'egyedirobika@gmail.com',	NULL,	'$2y$12$sgK4yLbVZYwIMwz7eXpJ..e022bbqqD7GH0mBQ8Zk/aTXRIyB2nPe',	'2025-04-07 10:09:52',	'2025-04-14 23:04:18');

DROP TABLE IF EXISTS `watchlist`;
CREATE TABLE `watchlist` (
  `id` int(11) NOT NULL AUTO_INCREMENT,
  `show_id` int(11) NOT NULL,
  `user_id` int(11) NOT NULL,
  `created_at` timestamp NOT NULL DEFAULT '0000-00-00 00:00:00' ON UPDATE current_timestamp(),
  `updated_at` timestamp NOT NULL DEFAULT '0000-00-00 00:00:00',
  PRIMARY KEY (`id`),
  KEY `show_id` (`show_id`),
  KEY `user_id` (`user_id`),
  CONSTRAINT `watchlist_ibfk_3` FOREIGN KEY (`show_id`) REFERENCES `shows` (`id`) ON DELETE CASCADE ON UPDATE CASCADE,
  CONSTRAINT `watchlist_ibfk_4` FOREIGN KEY (`user_id`) REFERENCES `users` (`id`) ON DELETE CASCADE ON UPDATE CASCADE
) ENGINE=InnoDB DEFAULT CHARSET=utf8mb3 COLLATE=utf8mb3_general_ci;

INSERT INTO `watchlist` (`id`, `show_id`, `user_id`, `created_at`, `updated_at`) VALUES
(73,	42,	23,	'2025-04-14 23:48:57',	'2025-04-14 23:48:57'),
(75,	28,	23,	'2025-04-14 23:49:16',	'2025-04-14 23:49:16'),
(76,	43,	23,	'2025-04-14 23:49:28',	'2025-04-14 23:49:28'),
(81,	44,	23,	'2025-04-15 19:41:29',	'2025-04-15 19:41:29'),
(82,	37,	23,	'2025-04-15 21:28:13',	'2025-04-15 21:28:13');

-- 2025-04-16 07:23:28
