{
    "description": "DO NOT DELETE THIS FILE. This file is used to keep track of which files have been synced in the most recent deployment. If you delete this file a resync will need to be done (which can take a while) - read more: https://github.com/SamKirkland/FTP-Deploy-Action",
    "version": "1.0.0",
    "generatedTime": 1742990967662,
    "data": [
        {
            "type": "file",
            "name": "favicon.ico",
            "size": 15086,
            "hash": "f9102be80297c0529207607be5277b4f90bca89d65988fa1771b91c7894e815f"
        },
        {
            "type": "file",
            "name": "index.csr.html",
            "size": 8292,
            "hash": "7124a6afdd3ec6b63e2e8bf03098a5dca4fa41d5896e93b20c418ea652e24df3"
        },
        {
            "type": "file",
            "name": "main-LJMP2PLJ.js",
            "size": 387623,
            "hash": "f6f68842620f9104ed19a0e916aa40043972bf9b2f41b0118339539ee1cb3600"
        },
        {
            "type": "file",
            "name": "polyfills-FFHMD2TL.js",
            "size": 34519,
            "hash": "69dcea045643dd0de998a3cd0ccbbb46b46bff2651a87a56c73c28eb208e8f98"
        },
        {
            "type": "file",
            "name": "styles-REVB3AVR.css",
            "size": 1213,
            "hash": "1fa219b059b7ebff95e640ec386e79eb9632cfe92b567b455c0845bddec4295b"
        }
    ]
}